,,,,,,,,,,,,,,,,,,,,,,,,,,
,Información General,,,,,,,,,,,,,,,,,,,,,,,,,
 ,FECHA,SEMANA,DÍA,PROFESOR,,,,,,,,,,,,,,,,,,,,,,
,22/12/2025,19,Lunes,Ignacio Bordon,,,,,,,,,,,,,,,,,,,,,,
,,,,,,,,,,,,,,,,,,,,,,,,,,
,Planificación por Nivel,,,,,,,,,,,,,,,,,,,,,,,,,
,,,,,,,,,,,,,,,,,,,,,,,,,,
,Alfa y Delta,,,,,,,Sigma,,,,,,,Omega,,,,,,,,,,,
,Semana,Día,Nucleus,Deuteros 1,Deuteros 2,Athlos/Epikos,,Semana,Día,Nucleus,Deuteros 1,Deuteros 2,Athlos/Epikos,,Semana,Día,Nucleus,Deuteros 1,Deuteros 2,Athlos/Epikos,,,,,,
,19,Lunes,FL,DS,HSPU,PS,,19,Lunes,FL,OAP,DS,HT,,19,Lunes,FL,OAP,HSPU,MN/RP,,,,,,
,,,,,,,,,,,,,,,,,,,,,,,,,,
,,,,,,,,,,,,,,,,,,,,,,,,,,
,Ruta,Intensidad,Patrón Activo,,,Intensidad,Reps por Bloque,Dificultad,Ejercicios por Bloque,,Intensidad,Total Ejercicios,Concentrico,Excentrico,Isometrico,,,,,,,,,,,
,FL,95,FL,,,95,10,Nivel Superior 1,2 a 3,,65,3,1,1,1,,,,,,,,,,,
,DS,65,General Lower (Hip + Knee),,,65,120,2,3 a 5,,65,4,2,1,1,,,,,,,,,,,
,HSPU,95,HSPU,,,,,,,,65,5,2,2,1,,,,,,,,,,,
,PS,95,Pistol Squat,,,,,,,,95,2,0,0,2,,,,,,,,,,,
,OAP,65,General Pull (horizontal + vertical),,,,,,,,95,3,1,1,1,,,,,,,,,,,
,HT,65,General Lower (Hip + Knee),,,,,,,,,,,,,,,,,,,,,,,
,MN/RP,65,General Pull (horizontal + vertical),,,,,,,,,,,,,,,,,,,,,,,
,,,,,,,,,,,,,,,,,,,,,,,,,,
,,,,,,,,,,,,,,,,,,,,,,,,,,
,,,,,,,,,,,,,,,,,,,,,,,,,,
,,,,,,,,,,,,,,,,,,,,,,,,,,
,,,,,,,,,,,,,,,,,,,,,,,,,,
,,,,,,,,,,,,,,,,,,,,,,,,,,
Ejercicios por Nivel,,,,,,,,,,,,,,,,,,,,,,,,,,
,,,,,,,Por favor en caso de corresponder completar la información de estas columnas,,,,,,,,,,,,,,,,Formatos,,,
Nivel Real,Bloque,Nivel,Ruta,Patrón,Categoría,Categoría Secundaria,Dificultad,Esfuerzo,Ejercicio,Esfuerzo Manual,Carga,Rep. Min,Rep. Max,Escalera,Duración,Descanso,Formato,Formato Vueltas,Formato Duración,Observaciones,Promedio Dificultad,,Bloque,Nivel,Compatibilidad,Intensidad
all,Initium,,,FLOW,,,,,CRAB REACH  ,,,,,,,,Tabata,4,"20""x10""",,,,Initium,Delta,1,80
all,Initium,,,FLOW,,,,,BEAST WALK  ,,,,,,,,,,,,,,,,,
all,Initium,,,,,,,,,,,,,,,,,,,,,,Listado,,,
all,Initium,,,,,,,,,,,,,,,,,,,,,,EMOM,,,
all,Initium,,,,,,,,,,,,,,,,,,,,, ,HIIT,,,
alfa,Nucleus,delta,FL,,,,,,,,,,,,,entre cada ejercicio 1 minuto,AMRAP Series,3,4,,1.00,,Interval Training,,,
alfa,Nucleus,delta,FL,,,,,,,,,,,,,,,,,,,,Tabata,,,
alfa,Nucleus,delta,FL,,,,,,,,,,,,,,,,,,,,,,,
alfa,Nucleus,delta,FL,,,,1,ISO.,DF  FULL,,,,,,6'',,,,,,,,,,,
alfa,Nucleus,delta,FL,,,,1,CON.,ICM TUCK,,,,3,,,,,,,,,,,,,
alfa,Nucleus,delta,FL,,,,1,EXC.,FL PRESS  TUCK,,,,2,,,,,,,,,,,,,
delta,Nucleus,sigma,FL,,,,3,ISO.,,,,,,,,entre cada ejercicio 1 minuto,,,,,2.00,,,,,
delta,Nucleus,sigma,FL,,,,3,CON.,,,,,,,,,,,,,,,,,,
delta,Nucleus,sigma,FL,,,,3,EXC.,,,,,,,,,,,,,,,,,,
delta,Nucleus,sigma,FL,,,,1,ISO.,FL  STR,,,,,,3'',,,,,,,,,,,
delta,Nucleus,sigma,FL,,,,1,CON.,ICM FULL,,,,3,,,,,,,,,,,,,
delta,Nucleus,sigma,FL,,,,1,EXC.,FL PRESS STRADDLE,,,,2,,,,,,,,,,,,,
sigma,Nucleus,omega,FL,,,,1,ISO.,ELBOW VICTORIAN  SUPER ADV,,,,,,6'',,,,,,1.00,,,,,
sigma,Nucleus,omega,FL,,,,1,CON.,,,,,,,,,,,,,,,,,,
sigma,Nucleus,omega,FL,,,,1,EXC.,FL PRESS  FULL,,,,2,,,,,,,,,,,,,
sigma,Nucleus,omega,FL,,,,1,ISO.,,,,,,,,,,,,,,,,,,
sigma,Nucleus,omega,FL,,,,1,CON.,DP  SUPER ADV,,,,3,,,,,,,,,,,,,
sigma,Nucleus,omega,FL,,,,1,EXC.,,,,,,,,,,,,,,,,,,
omega,Nucleus,omega,FL,,,,2,EXC.,FL WIDE PRESS FULL,,,,3,,,,,,,,1.33,,,,,
omega,Nucleus,spartan,FL,,,,1,CON.,ELBOW VICTORIAN  FULL,,,,2,,,,,,,,,,,,,
omega,Nucleus,omega,FL,,,,2,EXC.,,,,,,,,,,,,,,,,,,
omega,Nucleus,spartan,FL,,,,1,ISO.,,,,,,,,,,,,,,,,,,
omega,Nucleus,spartan,FL,,,,1,ISO.,FL WIDE FULL,,,,,,6'',,,,,,,,,,,
omega,Nucleus,,,MOVILIDAD,,,1,,DIAGONAL STRETCH  ,,,,,,"20"" ",,,,,,,,,,,
alfa,Deuteros 1,alfa,,LOWER,,,2,,DS  FULL ROM ,EXC.,,,10,,,,Singlet,4,,,2.00,,,,,
alfa,Deuteros 1,alfa,,LOWER,,,2,,PS PARCIAL  ,CON.,,,12,,,,,,,,,,,,,
alfa,Deuteros 1,alfa,,LOWER,,,2,,QC PARCIAL  ,ISO.,,,,,"20"" ",,,,,,,,,,,
alfa,Deuteros 1,alfa,,,,,,,,,,,,,,,,,,,,,,,,
alfa,Deuteros 1,alfa,,,,,,,,,,,,,,,,,,,,,,,,
alfa,Deuteros 1,alfa,,,,,,,,,,,,,,,,,,,,,,,,
delta,Deuteros 1,delta,,LOWER,,,2,,DP ON BOX  ,EXC.,,,10,,,,,,,,2.00,,,,,
delta,Deuteros 1,delta,,LOWER,,,2,,PS  ,CON.,,,12,,,,,,,,,,,,,
delta,Deuteros 1,delta,,LOWER,,,2,,QC   ,ISO.,,,,,"20"" ",,,,,,,,,,,
delta,Deuteros 1,delta,,,,,,,,,,,,,,,,,,,,,,,,
delta,Deuteros 1,delta,,,,,,,,,,,,,,,,,,,,,,,,
delta,Deuteros 1,delta,,,,,,,,,,,,,,,,,,,,,,,,
sigma,Deuteros 1,sigma,,PULL,PULL VERTICAL,,1,CON.,PL.UP WIDE TYPEWRITER,,,,8,,,,,,,,1.67,,,,,
sigma,Deuteros 1,delta,,PULL,,,3,EXC.,ROW OA HORIZONTAL,,,,12,,,,,,,,,,,,,
sigma,Deuteros 1,sigma,,PULL,,,1,ISO.,PL.UP L-SIT MID  ARCHER,,,,,,"20""",,,,,,,,,,,
sigma,Deuteros 1,sigma,,,,,,,,,,,,,,,,,,,,,,,,
sigma,Deuteros 1,sigma,,,,,,,,,,,,,,,,,,,,,,,,
sigma,Deuteros 1,sigma,,,,,,,,,,,,,,,,,,,,,,,,
omega,Deuteros 1,omega,,PULL,PULL VERTICAL,,1,CON.,OAP ASSISTED FINGERS,,,,12,,,,,,,,1.33,,,,,
omega,Deuteros 1,sigma,,PULL,,,2,EXC.,OAC ASSISTED ,,,,8,,,,,,,,,,,,,
omega,Deuteros 1,omega,,PULL,,,1,ISO.,OAP MID ASSISTED FINGERS,,,,,,"20"" ",,,,,,,,,,,
omega,Deuteros 1,omega,,,,,,,,,,,,,,,,,,,,,,,,
omega,Deuteros 1,omega,,,,,,,,,,,,,,,,,,,,,,,,
omega,Deuteros 1,,,MOVILIDAD,,,,,KNEE PIGEON STRETCH ,,,,,,"20"" ",,,,,,,,,,,
alfa,Deuteros 2,delta,HSPU,,,,1,CON.,P.U PIKE,,,,3,,,,Singlet,4,,,1.33,,,,,
alfa,Deuteros 2,delta,HSPU,,,,1,ISO.,BOX P.U 90 PIKE,,,,,,8'',,,,,,,,,,,
alfa,Deuteros 2,delta,HSPU,,,,2,EXC.,HSPU WIDE WALL ,,,,2,,,,,,,,,,,,,
alfa,Deuteros 2,alfa,,,,,,,,,,,,,,,,,,,,,,,,
alfa,Deuteros 2,alfa,,,,,,,,,,,,,,,,,,,,,,,,
alfa,Deuteros 2,alfa,,,,,,,,,,,,,,,,,,,,,,,,
delta,Deuteros 2,sigma,HSPU,,,,1,EXC.,HSPU TO 90 TUCK  WALL ,,,,2,,,,,,,,1.00,,,,,
delta,Deuteros 2,sigma,HSPU,,,,1,CON.,HSPU WALL ,,,,4,,,,,,,,,,,,,
delta,Deuteros 2,sigma,HSPU,PUSH,,,1,ISO.,HSPU 90 WALL ,,,,,,8'',,,,,,,,,,,
delta,Deuteros 2,delta,,,,,,,,,,,,,,,,,,,,,,,,
delta,Deuteros 2,delta,,,,,,,,,,,,,,,,,,,,,,,,
delta,Deuteros 2,delta,,,,,,,,,,,,,,,,,,,,,,,,
sigma,Deuteros 2,omega,,,,,,,,,,,,,,,,,,,1.00,,,,,
sigma,Deuteros 2,omega,,,,,,,,,,,,,,,,,,,,,,,,
sigma,Deuteros 2,omega,HSPU,,,,1,CON.,HSPU TO 90 TUCK WALL ,,,,3,,,,,,,,,,,,,
sigma,Deuteros 2,delta,,,,,,,,,,,,,,,,,,,,,,,,
sigma,Deuteros 2,omega,HSPU,,,,1,CON.,HSPU DEFICIT WALL ,,,,4,,,,,,,,,,,,,
sigma,Deuteros 2,omega,HSPU,,,,1,EXC.,HSPU TO 90 STR  FREE,,,,2,,,,,,,,,,,,,
omega,Deuteros 2,spartan,HSPU,,,,1,CON.,HSPU ARCHER WALL ,,,,4,,,,,,,,1.00,,,,,
omega,Deuteros 2,spartan,HSPU,,,,1,CON.,HSPU TO 90 FULL FREE,,,,3,,,,,,,,,,,,,
omega,Deuteros 2,spartan,PLPU,,,,1,EXC.,PLPU ASSISTED FULL,,,,2,,,,,,,,,,,,,
omega,Deuteros 2,omega,,,,,,,,,,,,,,,,,,,,,,,,
omega,Deuteros 2,omega,,,,,,,,,,,,,,,,,,,,,,,,
omega,Deuteros 2,,,MOVILIDAD,,,,,BOX PIKE HANG ,,,,,,"20"" ",,,,,,,,,,,
alfa,Epikos,delta,PS,LOWER,,,1,,REVERSE TO SQUAT  PS ,CON.,,,4,,,,EMOM,2,4´,,1.00,,,,,
alfa,Epikos,delta,PS,LOWER,,,1,,PS SHUFFLE WALL  ,CON.,,,6,,,,,,,,,,,,,
alfa,Epikos,delta,,,,,,,,,,,,,,,,,,,,,,,,
alfa,Epikos,alfa,,,,,,,,,,,,,,,,,,,,,,,,
alfa,Epikos,alfa,,,,,,,,,,,,,,,,,,,,,,,,
alfa,Epikos,alfa,,,,,,,,,,,,,,,,,,,,,,,,
delta,Epikos,sigma,PS,,,,1,CON.,REVERSE TO PS JUMP ,,,,4,,,,,,,,1.00,,,,,
delta,Epikos,sigma,PS,,,,1,,CYCLIST PS ,CON.,,,6,,,,,,,,,,,,,
delta,Epikos,sigma,,,,,,,,,,,,,,,,,,,,,,,,
delta,Epikos,delta,,,,,,,,,,,,,,,,,,,,,,,,
delta,Epikos,delta,,,,,,,,,,,,,,,,,,,,,,,,
delta,Epikos,delta,,,,,,,,,,,,,,,,,,,,,,,,
sigma,Epikos,sigma,,LOWER,,,1,,HT EXP SHUFFLE  ,CON.,,,30,,,,,,,,1.00,,,,,
sigma,Epikos,sigma,,LOWER,,,1,,LUNGE JUMP SCISSOR  ,CON.,,,20,,,,,,,,,,,,,
sigma,Epikos,sigma,,,,,,,,,,,,,,,,,,,,,,,,
sigma,Epikos,delta,,,,,,,,,,,,,,,,,,,,,,,,
sigma,Epikos,sigma,,,,,,,,,,,,,,,,,,,,,,,,
sigma,Epikos,sigma,,,,,,,,,,,,,,,,,,,,,,,,
omega,Epikos,omega,,PULL,,,1,CON.,V-SIT PRESS ,,,,20,,,,,,,,1.00,,,,,
omega,Epikos,omega,,PULL,,,1,EXC.,DP  STR,,,,20,,,,,,,,,,,,,
omega,Epikos,omega,,,,,,,,,,,,,,,,,,,,,,,,
omega,Epikos,sigma,,,,,,,,,,,,,,,,,,,,,,,,
omega,Epikos,omega,,,,,,,,,,,,,,,,,,,,,,,,
omega,Epikos,,,MOVILIDAD,,,,,GENTLEMAN TO PLEGADO,,,,10,,,,,,,,,,,,,