,LÓGICA INTERNA:,,,,,,,,,,,,,,,,,,,,
,Copio lunes a viernes y pego martes a sabado,,,,,,,,,,,,,,,,,,,,
,Copio sabado y pego en lunes,,,,,,,,,,,,,,,,,,,,
,,,,,,,,,,,,,,,,,,,,,
,Alfa y Delta,,,,,,,Sigma,,,,,,,Omega,,,,,,
,Semana,Día,Nucleus,Deuteros 1,Deuteros 2,Athlos/Epikos,,Semana,Día,Nucleus,Deuteros 1,Deuteros 2,Athlos/Epikos,,Semana,Día,Nucleus,Deuteros 1,Deuteros 2,Athlos/Epikos,
,1,Lunes,FL,HSPU,DS,PS,,1,Lunes,FL,OAP,DS,HT,,1,Lunes,FL,OAP,HSPU,MN/RP,
,1,Martes,SU,TTB,SS,OAPU,,1,Martes,HSPU,PL,PS,SS,,1,Martes,QC,PS,SU,L,
,1,Miércoles,PL,OAP,L,NC,,1,Miércoles,L,SU,TTB,OAR,,1,Miércoles,PLPU,PHS,TTB,BL,
,1,Jueves,FLR,PHS,HT,SU,,1,Jueves,SU,NC,PHS,OAPU,,1,Jueves,HT,NC,SS,HT,
,1,Viernes,SU,PHS,HT,FLR,,1,Viernes,MU,MN/RP,HT,NC,,1,Viernes,FLR,MU,OAPU,HS,
,1,Sábado,MN/RP,HT,QC,HS,,1,Sábado,QC,PS,PLPU,BL,,1,Sábado,SU,QC,DS,NC,
,2,Lunes,MN/RP,HT,QC,HS,,2,Lunes,QC,PS,PLPU,BL,,2,Lunes,SU,QC,DS,NC,
,2,Martes,FL,HSPU,DS,PS,,2,Martes,FL,OAP,DS,HT,,2,Martes,FL,OAP,HSPU,MN/RP,
,2,Miércoles,SU,TTB,SS,OAPU,,2,Miércoles,HSPU,PL,PS,SS,,2,Miércoles,QC,PS,SU,L,
,2,Jueves,PL,OAP,L,NC,,2,Jueves,L,SU,TTB,OAR,,2,Jueves,PLPU,PHS,TTB,BL,
,2,Viernes,FLR,PHS,HT,SU,,2,Viernes,SU,NC,PHS,OAPU,,2,Viernes,HT,NC,SS,HT,
,2,Sábado,SU,PHS,HT,FLR,,2,Sábado,MU,MN/RP,HT,NC,,2,Sábado,FLR,MU,OAPU,HS,
,3,Lunes,SU,PHS,HT,FLR,,3,Lunes,MU,MN/RP,HT,NC,,3,Lunes,FLR,MU,OAPU,HS,
,3,Martes,MN/RP,HT,QC,HS,,3,Martes,QC,PS,PLPU,BL,,3,Martes,SU,QC,DS,NC,
,3,Miércoles,FL,HSPU,DS,PS,,3,Miércoles,FL,OAP,DS,HT,,3,Miércoles,FL,OAP,HSPU,MN/RP,
,3,Jueves,SU,TTB,SS,OAPU,,3,Jueves,HSPU,PL,PS,SS,,3,Jueves,QC,PS,SU,L,
,3,Viernes,PL,OAP,L,NC,,3,Viernes,L,SU,TTB,OAR,,3,Viernes,PLPU,PHS,TTB,BL,
,3,Sábado,FLR,PHS,HT,SU,,3,Sábado,SU,NC,PHS,OAPU,,3,Sábado,HT,NC,SS,HT,
,4,Lunes,FLR,PHS,HT,SU,,4,Lunes,SU,NC,PHS,OAPU,,4,Lunes,HT,NC,SS,HT,
,4,Martes,SU,PHS,HT,FLR,,4,Martes,MU,MN/RP,HT,NC,,4,Martes,FLR,MU,OAPU,HS,
,4,Miércoles,MN/RP,HT,QC,HS,,4,Miércoles,QC,PS,PLPU,BL,,4,Miércoles,SU,QC,DS,NC,
,4,Jueves,FL,HSPU,DS,PS,,4,Jueves,FL,OAP,DS,HT,,4,Jueves,FL,OAP,HSPU,MN/RP,
,4,Viernes,SU,TTB,SS,OAPU,,4,Viernes,HSPU,PL,PS,SS,,4,Viernes,QC,PS,SU,L,
,4,Sábado,PL,OAP,L,NC,,4,Sábado,L,SU,TTB,OAR,,4,Sábado,PLPU,PHS,TTB,BL,
,5,Lunes,PL,OAP,L,NC,,5,Lunes,L,SU,TTB,OAR,,5,Lunes,PLPU,PHS,TTB,BL,
,5,Martes,FLR,PHS,HT,SU,,5,Martes,SU,NC,PHS,OAPU,,5,Martes,HT,NC,SS,HT,
,5,Miércoles,SU,PHS,HT,FLR,,5,Miércoles,MU,MN/RP,HT,NC,,5,Miércoles,FLR,MU,OAPU,HS,
,5,Jueves,MN/RP,HT,QC,HS,,5,Jueves,QC,PS,PLPU,BL,,5,Jueves,SU,QC,DS,NC,
,5,Viernes,FL,HSPU,DS,PS,,5,Viernes,FL,OAP,DS,HT,,5,Viernes,FL,OAP,HSPU,MN/RP,
,5,Sábado,SU,TTB,SS,OAPU,,5,Sábado,HSPU,PL,PS,SS,,5,Sábado,QC,PS,SU,L,
,6,Lunes,TTB,SS,OAPU,SU,Rotación,6,Lunes,PL,PS,SS,HSPU,Rotación,6,Lunes,PS,SU,L,QC,Rotación
,6,Martes,OAP,L,NC,PL,,6,Martes,SU,TTB,OAR,L,,6,Martes,PHS,TTB,BL,PLPU,
,6,Miércoles,PHS,HT,SU,FLR,,6,Miércoles,NC,PHS,OAPU,SU,,6,Miércoles,NC,SS,HT,HT,
,6,Jueves,PHS,HT,FLR,SU,,6,Jueves,MN/RP,HT,NC,MU,,6,Jueves,MU,OAPU,HS,FLR,
,6,Viernes,HT,QC,HS,MN/RP,,6,Viernes,PS,PLPU,BL,QC,,6,Viernes,QC,DS,NC,SU,
,6,Sábado,HSPU,DS,PS,FL,,6,Sábado,OAP,DS,HT,FL,,6,Sábado,OAP,HSPU,MN/RP,FL,
,7,Lunes,HSPU,DS,PS,FL,,7,Lunes,OAP,DS,HT,FL,,7,Lunes,OAP,HSPU,MN/RP,FL,
,7,Martes,TTB,SS,OAPU,SU,,7,Martes,PL,PS,SS,HSPU,,7,Martes,PS,SU,L,QC,
,7,Miércoles,OAP,L,NC,PL,,7,Miércoles,SU,TTB,OAR,L,,7,Miércoles,PHS,TTB,BL,PLPU,
,7,Jueves,PHS,HT,SU,FLR,,7,Jueves,NC,PHS,OAPU,SU,,7,Jueves,NC,SS,HT,HT,
,7,Viernes,PHS,HT,FLR,SU,,7,Viernes,MN/RP,HT,NC,MU,,7,Viernes,MU,OAPU,HS,FLR,
,7,Sábado,HT,QC,HS,MN/RP,,7,Sábado,PS,PLPU,BL,QC,,7,Sábado,QC,DS,NC,SU,
,8,Lunes,HT,QC,HS,MN/RP,,8,Lunes,PS,PLPU,BL,QC,,8,Lunes,QC,DS,NC,SU,
,8,Martes,HSPU,DS,PS,FL,,8,Martes,OAP,DS,HT,FL,,8,Martes,OAP,HSPU,MN/RP,FL,
,8,Miércoles,TTB,SS,OAPU,SU,,8,Miércoles,PL,PS,SS,HSPU,,8,Miércoles,PS,SU,L,QC,
,8,Jueves,OAP,L,NC,PL,,8,Jueves,SU,TTB,OAR,L,,8,Jueves,PHS,TTB,BL,PLPU,
,8,Viernes,PHS,HT,SU,FLR,,8,Viernes,NC,PHS,OAPU,SU,,8,Viernes,NC,SS,HT,HT,
,8,Sábado,PHS,HT,FLR,SU,,8,Sábado,MN/RP,HT,NC,MU,,8,Sábado,MU,OAPU,HS,FLR,
,9,Lunes,PHS,HT,FLR,SU,,9,Lunes,MN/RP,HT,NC,MU,,9,Lunes,MU,OAPU,HS,FLR,
,9,Martes,HT,QC,HS,MN/RP,,9,Martes,PS,PLPU,BL,QC,,9,Martes,QC,DS,NC,SU,
,9,Miércoles,HSPU,DS,PS,FL,,9,Miércoles,OAP,DS,HT,FL,,9,Miércoles,OAP,HSPU,MN/RP,FL,
,9,Jueves,TTB,SS,OAPU,SU,,9,Jueves,PL,PS,SS,HSPU,,9,Jueves,PS,SU,L,QC,
,9,Viernes,OAP,L,NC,PL,,9,Viernes,SU,TTB,OAR,L,,9,Viernes,PHS,TTB,BL,PLPU,
,9,Sábado,PHS,HT,SU,FLR,,9,Sábado,NC,PHS,OAPU,SU,,9,Sábado,NC,SS,HT,HT,
,10,Lunes,PHS,HT,SU,FLR,,10,Lunes,NC,PHS,OAPU,SU,,10,Lunes,NC,SS,HT,HT,
,10,Martes,PHS,HT,FLR,SU,,10,Martes,MN/RP,HT,NC,MU,,10,Martes,MU,OAPU,HS,FLR,
,10,Miércoles,HT,QC,HS,MN/RP,,10,Miércoles,PS,PLPU,BL,QC,,10,Miércoles,QC,DS,NC,SU,
,10,Jueves,HSPU,DS,PS,FL,,10,Jueves,OAP,DS,HT,FL,,10,Jueves,OAP,HSPU,MN/RP,FL,
,10,Viernes,TTB,SS,OAPU,SU,,10,Viernes,PL,PS,SS,HSPU,,10,Viernes,PS,SU,L,QC,
,10,Sábado,OAP,L,NC,PL,,10,Sábado,SU,TTB,OAR,L,,10,Sábado,PHS,TTB,BL,PLPU,
,11,Lunes,OAP,L,NC,PL,,11,Lunes,SU,TTB,OAR,L,,11,Lunes,PHS,TTB,BL,PLPU,
,11,Martes,PHS,HT,SU,FLR,,11,Martes,NC,PHS,OAPU,SU,,11,Martes,NC,SS,HT,HT,
,11,Miércoles,PHS,HT,FLR,SU,,11,Miércoles,MN/RP,HT,NC,MU,,11,Miércoles,MU,OAPU,HS,FLR,
,11,Jueves,HT,QC,HS,MN/RP,,11,Jueves,PS,PLPU,BL,QC,,11,Jueves,QC,DS,NC,SU,
,11,Viernes,HSPU,DS,PS,FL,,11,Viernes,OAP,DS,HT,FL,,11,Viernes,OAP,HSPU,MN/RP,FL,
,11,Sábado,TTB,SS,OAPU,SU,,11,Sábado,PL,PS,SS,HSPU,,11,Sábado,PS,SU,L,QC,
,12,Lunes,SS,OAPU,SU,TTB,Rotación,12,Lunes,PS,SS,HSPU,PL,Rotación,12,Lunes,SU,L,QC,PS,Rotación
,12,Martes,L,NC,PL,OAP,,12,Martes,TTB,OAR,L,SU,,12,Martes,TTB,BL,PLPU,PHS,
,12,Miércoles,HT,SU,FLR,PHS,,12,Miércoles,PHS,OAPU,SU,NC,,12,Miércoles,SS,HT,HT,NC,
,12,Jueves,HT,FLR,SU,PHS,,12,Jueves,HT,NC,MU,MN/RP,,12,Jueves,OAPU,HS,FLR,MU,
,12,Viernes,QC,HS,MN/RP,HT,,12,Viernes,PLPU,BL,QC,PS,,12,Viernes,DS,NC,SU,QC,
,12,Sábado,DS,PS,FL,HSPU,,12,Sábado,DS,HT,FL,OAP,,12,Sábado,HSPU,MN/RP,FL,OAP,
,13,Lunes,DS,PS,FL,HSPU,,13,Lunes,DS,HT,FL,OAP,,13,Lunes,HSPU,MN/RP,FL,OAP,
,13,Martes,SS,OAPU,SU,TTB,,13,Martes,PS,SS,HSPU,PL,,13,Martes,SU,L,QC,PS,
,13,Miércoles,L,NC,PL,OAP,,13,Miércoles,TTB,OAR,L,SU,,13,Miércoles,TTB,BL,PLPU,PHS,
,13,Jueves,HT,SU,FLR,PHS,,13,Jueves,PHS,OAPU,SU,NC,,13,Jueves,SS,HT,HT,NC,
,13,Viernes,HT,FLR,SU,PHS,,13,Viernes,HT,NC,MU,MN/RP,,13,Viernes,OAPU,HS,FLR,MU,
,13,Sábado,QC,HS,MN/RP,HT,,13,Sábado,PLPU,BL,QC,PS,,13,Sábado,DS,NC,SU,QC,
,14,Lunes,QC,HS,MN/RP,HT,,14,Lunes,PLPU,BL,QC,PS,,14,Lunes,DS,NC,SU,QC,
,14,Martes,DS,PS,FL,HSPU,,14,Martes,DS,HT,FL,OAP,,14,Martes,HSPU,MN/RP,FL,OAP,
,14,Miércoles,SS,OAPU,SU,TTB,,14,Miércoles,PS,SS,HSPU,PL,,14,Miércoles,SU,L,QC,PS,
,14,Jueves,L,NC,PL,OAP,,14,Jueves,TTB,OAR,L,SU,,14,Jueves,TTB,BL,PLPU,PHS,
,14,Viernes,HT,SU,FLR,PHS,,14,Viernes,PHS,OAPU,SU,NC,,14,Viernes,HT,NC,SS,HT,
,14,Sábado,HT,FLR,SU,PHS,,14,Sábado,HT,NC,MU,MN/RP,,14,Sábado,OAPU,HS,FLR,MU,
,15,Lunes,SU,PL,HT,OAP,,15,Lunes,MU,MN/RP,HT,NC,,15,Lunes,FLR,MU,OAPU,HS,
,15,Martes,MN/RP,HT,QC,HS,,15,Martes,QC,PS,PLPU,BL,,15,Martes,SU,QC,DS,NC,
,15,Miércoles,FL,DS,HSPU,PS,,15,Miércoles,FL,OAP,DS,HT,,15,Miércoles,FL,OAP,HSPU,MN/RP,
,15,Jueves,SU,TTB,SS,OAPU,,15,Jueves,HSPU,PL,PS,SS,,15,Jueves,QC,PS,SU,L,
,15,Viernes,PL,L,OAP,NC,,15,Viernes,L,SU,TTB,OAR,,15,Viernes,PLPU,PHS,TTB,BL,
,15,Sábado,FLR,PHS,HT,SU,,15,Sábado,SU,NC,PHS,OAPU,,15,Sábado,HT,NC,SS,HT,
,16,Lunes,FLR,PHS,HT,SU,,16,Lunes,SU,NC,PHS,OAPU,,16,Lunes,HT,NC,SS,HT,
,16,Martes,SU,PL,HT,OAP,,16,Martes,MU,MN/RP,HT,NC,,16,Martes,FLR,MU,OAPU,HS,
,16,Miércoles,MN/RP,HT,QC,HS,,16,Miércoles,QC,PS,PLPU,BL,,16,Miércoles,SU,QC,DS,NC,
,16,Jueves,FL,DS,HSPU,PS,,16,Jueves,FL,OAP,DS,HT,,16,Jueves,FL,OAP,HSPU,MN/RP,
,16,Viernes,SU,TTB,SS,OAPU,,16,Viernes,HSPU,PL,PS,SS,,16,Viernes,QC,PS,SU,L,
,16,Sábado,PL,L,OAP,NC,,16,Sábado,L,SU,TTB,OAR,,16,Sábado,PLPU,PHS,TTB,BL,
,17,Lunes,PL,L,OAP,NC,,17,Lunes,L,SU,TTB,OAR,,17,Lunes,PLPU,PHS,TTB,BL,
,17,Martes,FLR,PHS,HT,SU,,17,Martes,SU,NC,PHS,OAPU,,17,Martes,HT,NC,SS,HT,
,17,Miércoles,SU,PL,HT,OAP,,17,Miércoles,MU,MN/RP,HT,NC,,17,Miércoles,FLR,MU,OAPU,HS,
,17,Jueves,MN/RP,HT,QC,HS,,17,Jueves,QC,PS,PLPU,BL,,17,Jueves,SU,QC,DS,NC,
,17,Viernes,FL,DS,HSPU,PS,,17,Viernes,FL,OAP,DS,HT,,17,Viernes,FL,OAP,HSPU,MN/RP,
,17,Sábado,SU,TTB,SS,OAPU,,17,Sábado,HSPU,PL,PS,SS,,17,Sábado,QC,PS,SU,L,
,18,Lunes,SU,TTB,SS,OAPU,,18,Lunes,HSPU,PL,PS,SS,,18,Lunes,QC,PS,SU,L,
,18,Martes,PL,L,OAP,NC,,18,Martes,L,SU,TTB,OAR,,18,Martes,PLPU,PHS,TTB,BL,
,18,Miércoles,FLR,PHS,HT,SU,,18,Miércoles,SU,NC,PHS,OAPU,,18,Miércoles,HT,NC,SS,HT,
,18,Jueves,SU,PL,HT,OAP,,18,Jueves,MU,MN/RP,HT,NC,,18,Jueves,FLR,MU,OAPU,HS,
,18,Viernes,MN/RP,HT,QC,HS,,18,Viernes,QC,PS,PLPU,BL,,18,Viernes,SU,QC,DS,NC,
,18,Sábado,FL,DS,HSPU,PS,,18,Sábado,FL,OAP,DS,HT,,18,Sábado,FL,OAP,HSPU,MN/RP,
,19,Lunes,FL,DS,HSPU,PS,,19,Lunes,FL,OAP,DS,HT,,19,Lunes,FL,OAP,HSPU,MN/RP,
,19,Martes,SU,TTB,SS,OAPU,,19,Martes,HSPU,PL,PS,SS,,19,Martes,QC,PS,SU,L,
,19,Miércoles,PL,L,OAP,NC,,19,Miércoles,L,SU,TTB,OAR,,19,Miércoles,PLPU,PHS,TTB,BL,
,19,Jueves,FLR,PHS,HT,SU,,19,Jueves,SU,NC,PHS,OAPU,,19,Jueves,HT,NC,SS,HT,
,19,Viernes,SU,PL,HT,OAP,,19,Viernes,MU,MN/RP,HT,NC,,19,Viernes,FLR,MU,OAPU,HS,
,19,Sábado,MN/RP,HT,QC,HS,,19,Sábado,QC,PS,PLPU,BL,,19,Sábado,SU,QC,DS,NC,
,20,Lunes,MN/RP,HT,QC,HS,,20,Lunes,QC,PS,PLPU,BL,,20,Lunes,SU,QC,DS,NC,
,20,Martes,FL,DS,HSPU,PS,,20,Martes,FL,OAP,DS,HT,,20,Martes,FL,OAP,HSPU,MN/RP,
,20,Miércoles,SU,TTB,SS,OAPU,,20,Miércoles,HSPU,PL,PS,SS,,20,Miércoles,QC,PS,SU,L,
,20,Jueves,PL,L,OAP,NC,,20,Jueves,L,SU,TTB,OAR,,20,Jueves,PLPU,PHS,TTB,BL,
,20,Viernes,FLR,PHS,HT,SU,,20,Viernes,SU,NC,PHS,OAPU,,20,Viernes,HT,NC,SS,HT,
,20,Sábado,SU,PL,HT,OAP,,20,Sábado,MU,MN/RP,HT,NC,,20,Sábado,FLR,MU,OAPU,HS,
,21,Lunes,SU,PL,HT,OAP,,21,Lunes,MU,MN/RP,HT,NC,,21,Lunes,FLR,MU,OAPU,HS,
,21,Martes,MN/RP,HT,QC,HS,,21,Martes,QC,PS,PLPU,BL,,21,Martes,SU,QC,DS,NC,
,21,Miércoles,FL,DS,HSPU,PS,,21,Miércoles,FL,OAP,DS,HT,,21,Miércoles,FL,OAP,HSPU,MN/RP,
,21,Jueves,SU,TTB,SS,OAPU,,21,Jueves,HSPU,PL,PS,SS,,21,Jueves,QC,PS,SU,L,
,21,Viernes,PL,L,OAP,NC,,21,Viernes,L,SU,TTB,OAR,,21,Viernes,PLPU,PHS,TTB,BL,
,21,Sábado,FLR,PHS,HT,SU,,21,Sábado,SU,NC,PHS,OAPU,,21,Sábado,HT,NC,SS,HT,
,22,Lunes,FLR,PHS,HT,SU,,22,Lunes,SU,NC,PHS,OAPU,,22,Lunes,HT,NC,SS,HT,
,22,Martes,SU,PL,HT,OAP,,22,Martes,MU,MN/RP,HT,NC,,22,Martes,FLR,MU,OAPU,HS,
,22,Miércoles,MN/RP,HT,QC,HS,,22,Miércoles,QC,PS,PLPU,BL,,22,Miércoles,SU,QC,DS,NC,
,22,Jueves,FL,DS,HSPU,PS,,22,Jueves,FL,OAP,DS,HT,,22,Jueves,FL,OAP,HSPU,MN/RP,
,22,Viernes,SU,TTB,SS,OAPU,,22,Viernes,HSPU,PL,PS,SS,,22,Viernes,QC,PS,SU,L,
,22,Sábado,PL,L,OAP,NC,,22,Sábado,L,SU,TTB,OAR,,22,Sábado,PLPU,PHS,TTB,BL,
,23,Lunes,PL,L,OAP,NC,,23,Lunes,L,SU,TTB,OAR,,23,Lunes,PLPU,PHS,TTB,BL,
,23,Martes,FLR,PHS,HT,SU,,23,Martes,SU,NC,PHS,OAPU,,23,Martes,HT,NC,SS,HT,
,23,Miércoles,SU,PL,HT,OAP,,23,Miércoles,MU,MN/RP,HT,NC,,23,Miércoles,FLR,MU,OAPU,HS,
,23,Jueves,MN/RP,HT,QC,HS,,23,Jueves,QC,PS,PLPU,BL,,23,Jueves,SU,QC,DS,NC,
,23,Viernes,FL,DS,HSPU,PS,,23,Viernes,FL,OAP,DS,HT,,23,Viernes,FL,OAP,HSPU,MN/RP,
,23,Sábado,SU,TTB,SS,OAPU,,23,Sábado,HSPU,PL,PS,SS,,23,Sábado,QC,PS,SU,L,
,24,Lunes,TTB,SS,OAPU,SU,Rotación,24,Lunes,PL,PS,SS,HSPU,Rotación,24,Lunes,PS,SU,L,QC,Rotación
,24,Martes,L,OAP,NC,PL,,24,Martes,SU,TTB,OAR,L,,24,Martes,PHS,TTB,BL,PLPU,
,24,Miércoles,PHS,HT,SU,FLR,,24,Miércoles,NC,PHS,OAPU,SU,,24,Miércoles,NC,SS,HT,HT,
,24,Jueves,PL,HT,OAP,SU,,24,Jueves,MN/RP,HT,NC,MU,,24,Jueves,MU,OAPU,HS,FLR,
,24,Viernes,HT,QC,HS,MN/RP,,24,Viernes,PS,PLPU,BL,QC,,24,Viernes,QC,DS,NC,SU,
,24,Sábado,DS,HSPU,PS,FL,,24,Sábado,OAP,DS,HT,FL,,24,Sábado,OAP,HSPU,MN/RP,FL,
,25,Lunes,DS,HSPU,PS,FL,,25,Lunes,OAP,DS,HT,FL,,25,Lunes,OAP,HSPU,MN/RP,FL,
,25,Martes,TTB,SS,OAPU,SU,,25,Martes,PL,PS,SS,HSPU,,25,Martes,PS,SU,L,QC,
,25,Miércoles,L,OAP,NC,PL,,25,Miércoles,SU,TTB,OAR,L,,25,Miércoles,PHS,TTB,BL,PLPU,
,25,Jueves,PHS,HT,SU,FLR,,25,Jueves,NC,PHS,OAPU,SU,,25,Jueves,NC,SS,HT,HT,
,25,Viernes,PL,HT,OAP,SU,,25,Viernes,MN/RP,HT,NC,MU,,25,Viernes,MU,OAPU,HS,FLR,
,25,Sábado,HT,QC,HS,MN/RP,,25,Sábado,PS,PLPU,BL,QC,,25,Sábado,QC,DS,NC,SU,
,26,Lunes,HT,QC,HS,MN/RP,,26,Lunes,PS,PLPU,BL,QC,,26,Lunes,QC,DS,NC,SU,
,26,Martes,DS,HSPU,PS,FL,,26,Martes,OAP,DS,HT,FL,,26,Martes,OAP,HSPU,MN/RP,FL,
,26,Miércoles,TTB,SS,OAPU,SU,,26,Miércoles,PL,PS,SS,HSPU,,26,Miércoles,PS,SU,L,QC,
,26,Jueves,L,OAP,NC,PL,,26,Jueves,SU,TTB,OAR,L,,26,Jueves,PHS,TTB,BL,PLPU,
,26,Viernes,PHS,HT,SU,FLR,,26,Viernes,NC,PHS,OAPU,SU,,26,Viernes,NC,SS,HT,HT,
,26,Sábado,PL,HT,OAP,SU,,26,Sábado,MN/RP,HT,NC,MU,,26,Sábado,MU,OAPU,HS,FLR,
,,,,,,,,,,,,,,,,,,,,,
,,,,,,,,,,,,,,,,,,,,,
,,,,,,,,,,,,,,,,,,,,,
,,,,,,,,,,,,,,,,,,,,,
,,,,,,,,,,,,,,,,,,,,,
,,,,,,,,,,,,,,,,,,,,,
,,,,,,,,,,,,,,,,,,,,,
,,,,,,,,,,,,,,,,,,,,,
,,,,,,,,,,,,,,,,,,,,,
,,,,,,,,,,,,,,,,,,,,,
,,,,,,,,,,,,,,,,,,,,,
,,,,,,,,,,,,,,,,,,,,,
,,,,,,,,,,,,,,,,,,,,,
,,,,,,,,,,,,,,,,,,,,,
,,,,,,,,,,,,,,,,,,,,,
,,,,,,,,,,,,,,,,,,,,,
,,,,,,,,,,,,,,,,,,,,,
,,,,,,,,,,,,,,,,,,,,,
,,,,,,,,,,,,,,,,,,,,,
,,,,,,,,,,,,,,,,,,,,,
,,,,,,,,,,,,,,,,,,,,,
,,,,,,,,,,,,,,,,,,,,,
,Alfa y Delta,,,,,,,,,,,,,,,,,,,,
,Semana,Día,Nucleus,Deuteros 1,Deuteros 2,Athlos/Epikos,,,,,,,,,,,,,,,
,1,Lunes,FL,HSPU,DS,PS,,,,,,,,,,,,,,,
,1,Martes,SU,TTB,SS,OAPU,,,,,,,,,,,,,,,
,1,Miércoles,PL,OAP,L,NC,,,,,,,,,,,,,,,
,1,Jueves,FLR,PHS,HT,SU,,Alfa y Delta,,,,,,,,,,,,,
,1,Viernes,SU,PHS,HT,FLR,,Semana,Día,Nucleus,Deuteros 1,Deuteros 2,Athlos/Epikos,,,,,,,,
,1,Sábado,MN/RP,HT,QC,HS,,5,Lunes,OAP,L,NC,PL,,,,,,,,
,,,,,,,,5,Martes,PHS,HT,SU,FLR,,,,,,,,
,,,,,,,,5,Miércoles,PHS,HT,FLR,SU,,,,,,,,
,Alfa y Delta,,,,,,,5,Jueves,HT,QC,HS,MN/RP,,,,,,,,
,Semana,Día,Nucleus,Deuteros 1,Deuteros 2,Athlos/Epikos,,5,Viernes,HSPU,DS,PS,FL,,,,,,,,
,5,Lunes,PL,OAP,L,NC,,5,Sábado,TTB,SS,OAPU,SU,,,,,,,,
,5,Martes,FLR,PHS,HT,SU,,,,,,,,,,,,,,,
,5,Miércoles,SU,PHS,HT,FLR,,,,,,,,,,,,,,,
,5,Jueves,MN/RP,HT,QC,HS,,,,,,,,,,,,,,,
,5,Viernes,FL,HSPU,DS,PS,,,,,,,,,,,,,,,
,5,Sábado,SU,TTB,SS,OAPU,,,,,,,,,,,,,,,