Semana,Mes,Ruta,Intensidad,Onda,Patron Activo,Patron Activo 2,Categoría
1,1,PL,55,🌊 Senoidal,General Push (horizontal + vertical),PUSH,SUP PUSH
2,1,PL,60,🌊 Senoidal,General Push (horizontal + vertical),PUSH,SUP PUSH
3,1,PL,65,🌊 Senoidal,Push Horizontal,PUSH HORIZONTAL,SUP PUSH
4,1,PL,60,🌊 Senoidal,General Push (horizontal + vertical),PUSH,SUP PUSH
5,2,PL,55,🌊 Senoidal,General Push (horizontal + vertical),PUSH,SUP PUSH
6,2,PL,60,🌊 Senoidal,General Push (horizontal + vertical),PUSH,SUP PUSH
7,2,PL,65,🌊 Senoidal,Push Horizontal,PUSH HORIZONTAL,SUP PUSH
8,2,PL,60,🌊 Senoidal,General Push (horizontal + vertical),PUSH,SUP PUSH
9,3,PL,55,🌊 Senoidal,General Push (horizontal + vertical),PUSH,SUP PUSH
10,3,PL,60,🌊 Senoidal,General Push (horizontal + vertical),PUSH,SUP PUSH
11,3,PL,65,🌊 Senoidal,Push Horizontal,PUSH HORIZONTAL,SUP PUSH
12,3,PL,60,🌊 Senoidal,General Push (horizontal + vertical),PUSH,SUP PUSH
13,4,PL,55,🌊 Senoidal,General Push (horizontal + vertical),PUSH,SUP PUSH
14,4,PL,85,⚡ Shockwave,Planche específico,PL,SUP PUSH
15,4,PL,95,⚡ Shockwave,Planche específico,PL,SUP PUSH
16,4,PL,70,⚡ Shockwave,Push Horizontal,PUSH HORIZONTAL,SUP PUSH
17,5,PL,75,⚡ Shockwave,Push Horizontal (SA),PUSH HORIZONTAL,SUP PUSH
18,5,PL,85,⚡ Shockwave,Planche específico,PL,SUP PUSH
19,5,PL,95,⚡ Shockwave,Planche específico,PL,SUP PUSH
20,5,PL,70,⚡ Shockwave,Push Horizontal,PUSH HORIZONTAL,SUP PUSH
21,6,PL,75,⚡ Shockwave,Push Horizontal (SA),PUSH HORIZONTAL,SUP PUSH
22,6,PL,85,⚡ Shockwave,Planche específico,PL,SUP PUSH
23,6,PL,95,⚡ Shockwave,Planche específico,PL,SUP PUSH
24,6,PL,70,⚡ Shockwave,Push Horizontal,PUSH HORIZONTAL,SUP PUSH
25,7,PL,75,⚡ Shockwave,Push Horizontal (SA),PUSH HORIZONTAL,SUP PUSH
26,7,PL,85,⚡ Shockwave,Planche específico,PL,SUP PUSH
27,7,PL,75,📐 Triangular,Push Horizontal (SA),PUSH HORIZONTAL,SUP PUSH
28,7,PL,80,📐 Triangular,Push Horizontal (SA),PUSH HORIZONTAL,SUP PUSH
29,8,PL,65,📐 Triangular,Push Horizontal,PUSH HORIZONTAL,SUP PUSH
30,8,PL,70,📐 Triangular,Push Horizontal,PUSH HORIZONTAL,SUP PUSH
31,8,PL,75,📐 Triangular,Push Horizontal (SA),PUSH HORIZONTAL,SUP PUSH
32,8,PL,80,📐 Triangular,Push Horizontal (SA),PUSH HORIZONTAL,SUP PUSH
33,9,PL,65,📐 Triangular,Push Horizontal,PUSH HORIZONTAL,SUP PUSH
34,9,PL,70,📐 Triangular,Push Horizontal,PUSH HORIZONTAL,SUP PUSH
35,9,PL,75,📐 Triangular,Push Horizontal (SA),PUSH HORIZONTAL,SUP PUSH
36,9,PL,80,📐 Triangular,Push Horizontal (SA),PUSH HORIZONTAL,SUP PUSH
37,10,PL,65,📐 Triangular,Push Horizontal,PUSH HORIZONTAL,SUP PUSH
38,10,PL,70,📐 Triangular,Push Horizontal,PUSH HORIZONTAL,SUP PUSH
39,10,PL,75,📐 Triangular,Push Horizontal (SA),PUSH HORIZONTAL,SUP PUSH
40,10,PL,80,🔄 Fractal,Push Horizontal (SA),PUSH HORIZONTAL,SUP PUSH
41,11,PL,60,🔄 Fractal,General Push (horizontal + vertical),PUSH,SUP PUSH
42,11,PL,75,🔄 Fractal,Push Horizontal (SA),PUSH HORIZONTAL,SUP PUSH
43,11,PL,65,🔄 Fractal,Push Horizontal,PUSH HORIZONTAL,SUP PUSH
44,11,PL,80,🔄 Fractal,Push Horizontal (SA),PUSH HORIZONTAL,SUP PUSH
45,12,PL,60,🔄 Fractal,General Push (horizontal + vertical),PUSH,SUP PUSH
46,12,PL,75,🔄 Fractal,Push Horizontal (SA),PUSH HORIZONTAL,SUP PUSH
47,12,PL,65,🔄 Fractal,Push Horizontal,PUSH HORIZONTAL,SUP PUSH
48,12,PL,80,🔄 Fractal,Push Horizontal (SA),PUSH HORIZONTAL,SUP PUSH
49,13,PL,60,🔄 Fractal,General Push (horizontal + vertical),PUSH,SUP PUSH
50,13,PL,75,🔄 Fractal,Push Horizontal (SA),PUSH HORIZONTAL,SUP PUSH
51,13,PL,65,🔄 Fractal,Push Horizontal,PUSH HORIZONTAL,SUP PUSH
52,13,PL,80,🔄 Fractal,Push Horizontal (SA),PUSH HORIZONTAL,SUP PUSH
1,1,HSPU,60,🔄 Fractal,General Push (horizontal + vertical),PUSH,SUP PUSH
2,1,HSPU,75,🔄 Fractal,Push Vertical,PUSH VERTICAL,SUP PUSH
3,1,HSPU,65,🔄 Fractal,General Push (horizontal + vertical),PUSH,SUP PUSH
4,1,HSPU,80,🔄 Fractal,Push Vertical (BA),PUSH VERTICAL,SUP PUSH
5,2,HSPU,55,🌊 Senoidal,General Push (horizontal + vertical),PUSH,SUP PUSH
6,2,HSPU,60,🌊 Senoidal,General Push (horizontal + vertical),PUSH,SUP PUSH
7,2,HSPU,65,🌊 Senoidal,General Push (horizontal + vertical),PUSH,SUP PUSH
8,2,HSPU,60,🌊 Senoidal,General Push (horizontal + vertical),PUSH,SUP PUSH
9,3,HSPU,55,🌊 Senoidal,General Push (horizontal + vertical),PUSH,SUP PUSH
10,3,HSPU,60,🌊 Senoidal,General Push (horizontal + vertical),PUSH,SUP PUSH
11,3,HSPU,65,🌊 Senoidal,General Push (horizontal + vertical),PUSH,SUP PUSH
12,3,HSPU,60,🌊 Senoidal,General Push (horizontal + vertical),PUSH,SUP PUSH
13,4,HSPU,55,🌊 Senoidal,General Push (horizontal + vertical),PUSH,SUP PUSH
14,4,HSPU,60,🌊 Senoidal,General Push (horizontal + vertical),PUSH,SUP PUSH
15,4,HSPU,65,🌊 Senoidal,General Push (horizontal + vertical),PUSH,SUP PUSH
16,4,HSPU,60,🌊 Senoidal,General Push (horizontal + vertical),PUSH,SUP PUSH
17,5,HSPU,55,🌊 Senoidal,General Push (horizontal + vertical),PUSH,SUP PUSH
18,5,HSPU,85,⚡ Shockwave,Push Vertical (BA),PUSH VERTICAL,SUP PUSH
19,5,HSPU,95,⚡ Shockwave,HSPU,HSPU,SUP PUSH
20,5,HSPU,70,⚡ Shockwave,Push Vertical,PUSH VERTICAL,SUP PUSH
21,6,HSPU,75,⚡ Shockwave,Push Vertical,PUSH VERTICAL,SUP PUSH
22,6,HSPU,85,⚡ Shockwave,Push Vertical (BA),PUSH VERTICAL,SUP PUSH
23,6,HSPU,95,⚡ Shockwave,HSPU,HSPU,SUP PUSH
24,6,HSPU,70,⚡ Shockwave,Push Vertical,PUSH VERTICAL,SUP PUSH
25,7,HSPU,75,⚡ Shockwave,Push Vertical,PUSH VERTICAL,SUP PUSH
26,7,HSPU,85,⚡ Shockwave,Push Vertical (BA),PUSH VERTICAL,SUP PUSH
27,7,HSPU,95,⚡ Shockwave,HSPU,HSPU,SUP PUSH
28,7,HSPU,70,⚡ Shockwave,Push Vertical,PUSH VERTICAL,SUP PUSH
29,8,HSPU,75,⚡ Shockwave,Push Vertical,PUSH VERTICAL,SUP PUSH
30,8,HSPU,85,⚡ Shockwave,Push Vertical (BA),PUSH VERTICAL,SUP PUSH
31,8,HSPU,75,📐 Triangular,Push Vertical,PUSH VERTICAL,SUP PUSH
32,8,HSPU,80,📐 Triangular,Push Vertical (BA),PUSH VERTICAL,SUP PUSH
33,9,HSPU,65,📐 Triangular,General Push (horizontal + vertical),PUSH,SUP PUSH
34,9,HSPU,70,📐 Triangular,Push Vertical,PUSH VERTICAL,SUP PUSH
35,9,HSPU,75,📐 Triangular,Push Vertical,PUSH VERTICAL,SUP PUSH
36,9,HSPU,80,📐 Triangular,Push Vertical (BA),PUSH VERTICAL,SUP PUSH
37,10,HSPU,65,📐 Triangular,General Push (horizontal + vertical),PUSH,SUP PUSH
38,10,HSPU,70,📐 Triangular,Push Vertical,PUSH VERTICAL,SUP PUSH
39,10,HSPU,75,📐 Triangular,Push Vertical,PUSH VERTICAL,SUP PUSH
40,10,HSPU,80,📐 Triangular,Push Vertical (BA),PUSH VERTICAL,SUP PUSH
41,11,HSPU,65,📐 Triangular,General Push (horizontal + vertical),PUSH,SUP PUSH
42,11,HSPU,70,📐 Triangular,Push Vertical,PUSH VERTICAL,SUP PUSH
43,11,HSPU,75,📐 Triangular,Push Vertical,PUSH VERTICAL,SUP PUSH
44,11,HSPU,80,🔄 Fractal,Push Vertical (BA),PUSH VERTICAL,SUP PUSH
45,12,HSPU,60,🔄 Fractal,General Push (horizontal + vertical),PUSH,SUP PUSH
46,12,HSPU,75,🔄 Fractal,Push Vertical,PUSH VERTICAL,SUP PUSH
47,12,HSPU,65,🔄 Fractal,General Push (horizontal + vertical),PUSH,SUP PUSH
48,12,HSPU,80,🔄 Fractal,Push Vertical (BA),PUSH VERTICAL,SUP PUSH
49,13,HSPU,60,🔄 Fractal,General Push (horizontal + vertical),PUSH,SUP PUSH
50,13,HSPU,75,🔄 Fractal,Push Vertical,PUSH VERTICAL,SUP PUSH
51,13,HSPU,65,🔄 Fractal,General Push (horizontal + vertical),PUSH,SUP PUSH
52,13,HSPU,80,🔄 Fractal,Push Vertical (BA),PUSH VERTICAL,SUP PUSH
1,1,PHS,60,🔄 Fractal,General Push (horizontal + vertical),PUSH,SUP PUSH
2,1,PHS,75,🔄 Fractal,Push Vertical (SA),PUSH VERTICAL,SUP PUSH
3,1,PHS,65,🔄 Fractal,Push Vertical,PUSH VERTICAL,SUP PUSH
4,1,PHS,80,🔄 Fractal,Push Vertical (SA),PUSH VERTICAL,SUP PUSH
5,2,PHS,60,🔄 Fractal,General Push (horizontal + vertical),PUSH,SUP PUSH
6,2,PHS,75,🔄 Fractal,Push Vertical (SA),PUSH VERTICAL,SUP PUSH
7,2,PHS,65,🔄 Fractal,Push Vertical,PUSH VERTICAL,SUP PUSH
8,2,PHS,80,🔄 Fractal,Push Vertical (SA),PUSH VERTICAL,SUP PUSH
9,3,PHS,55,🌊 Senoidal,General Push (horizontal + vertical),PUSH,SUP PUSH
10,3,PHS,60,🌊 Senoidal,General Push (horizontal + vertical),PUSH,SUP PUSH
11,3,PHS,65,🌊 Senoidal,Push Vertical,PUSH VERTICAL,SUP PUSH
12,3,PHS,60,🌊 Senoidal,General Push (horizontal + vertical),PUSH,SUP PUSH
13,4,PHS,55,🌊 Senoidal,General Push (horizontal + vertical),PUSH,SUP PUSH
14,4,PHS,60,🌊 Senoidal,General Push (horizontal + vertical),PUSH,SUP PUSH
15,4,PHS,65,🌊 Senoidal,Push Vertical,PUSH VERTICAL,SUP PUSH
16,4,PHS,60,🌊 Senoidal,General Push (horizontal + vertical),PUSH,SUP PUSH
17,5,PHS,55,🌊 Senoidal,General Push (horizontal + vertical),PUSH,SUP PUSH
18,5,PHS,60,🌊 Senoidal,General Push (horizontal + vertical),PUSH,SUP PUSH
19,5,PHS,65,🌊 Senoidal,Push Vertical,PUSH VERTICAL,SUP PUSH
20,5,PHS,60,🌊 Senoidal,General Push (horizontal + vertical),PUSH,SUP PUSH
21,6,PHS,55,🌊 Senoidal,General Push (horizontal + vertical),PUSH,SUP PUSH
22,6,PHS,85,⚡ Shockwave,PHS,PHS,SUP PUSH
23,6,PHS,95,⚡ Shockwave,PHS,PHS,SUP PUSH
24,6,PHS,70,⚡ Shockwave,Push Vertical,PUSH VERTICAL,SUP PUSH
25,7,PHS,75,⚡ Shockwave,Push Vertical (SA),PUSH VERTICAL,SUP PUSH
26,7,PHS,85,⚡ Shockwave,PHS,PHS,SUP PUSH
27,7,PHS,95,⚡ Shockwave,PHS,PHS,SUP PUSH
28,7,PHS,70,⚡ Shockwave,Push Vertical,PUSH VERTICAL,SUP PUSH
29,8,PHS,75,⚡ Shockwave,Push Vertical (SA),PUSH VERTICAL,SUP PUSH
30,8,PHS,85,⚡ Shockwave,PHS,PHS,SUP PUSH
31,8,PHS,95,⚡ Shockwave,PHS,PHS,SUP PUSH
32,8,PHS,70,⚡ Shockwave,Push Vertical,PUSH VERTICAL,SUP PUSH
33,9,PHS,75,⚡ Shockwave,Push Vertical (SA),PUSH VERTICAL,SUP PUSH
34,9,PHS,85,⚡ Shockwave,PHS,PHS,SUP PUSH
35,9,PHS,75,📐 Triangular,Push Vertical (SA),PUSH VERTICAL,SUP PUSH
36,9,PHS,80,📐 Triangular,Push Vertical (SA),PUSH VERTICAL,SUP PUSH
37,10,PHS,65,📐 Triangular,Push Vertical,PUSH VERTICAL,SUP PUSH
38,10,PHS,70,📐 Triangular,Push Vertical,PUSH VERTICAL,SUP PUSH
39,10,PHS,75,📐 Triangular,Push Vertical (SA),PUSH VERTICAL,SUP PUSH
40,10,PHS,80,📐 Triangular,Push Vertical (SA),PUSH VERTICAL,SUP PUSH
41,11,PHS,65,📐 Triangular,Push Vertical,PUSH VERTICAL,SUP PUSH
42,11,PHS,70,📐 Triangular,Push Vertical,PUSH VERTICAL,SUP PUSH
43,11,PHS,75,📐 Triangular,Push Vertical (SA),PUSH VERTICAL,SUP PUSH
44,11,PHS,80,📐 Triangular,Push Vertical (SA),PUSH VERTICAL,SUP PUSH
45,12,PHS,65,📐 Triangular,Push Vertical,PUSH VERTICAL,SUP PUSH
46,12,PHS,70,📐 Triangular,Push Vertical,PUSH VERTICAL,SUP PUSH
47,12,PHS,75,📐 Triangular,Push Vertical (SA),PUSH VERTICAL,SUP PUSH
48,12,PHS,80,🔄 Fractal,Push Vertical (SA),PUSH VERTICAL,SUP PUSH
49,13,PHS,60,🔄 Fractal,General Push (horizontal + vertical),PUSH,SUP PUSH
50,13,PHS,75,🔄 Fractal,Push Vertical (SA),PUSH VERTICAL,SUP PUSH
51,13,PHS,65,🔄 Fractal,Push Vertical,PUSH VERTICAL,SUP PUSH
52,13,PHS,80,🔄 Fractal,Push Vertical (SA),PUSH VERTICAL,SUP PUSH
1,1,OAPU,60,🔄 Fractal,General Push (horizontal + vertical),PUSH,SUP PUSH
2,1,OAPU,75,🔄 Fractal,Push Horizontal,PUSH HORIZONTAL,SUP PUSH
3,1,OAPU,65,🔄 Fractal,General Push (horizontal + vertical),PUSH,SUP PUSH
4,1,OAPU,80,🔄 Fractal,Push Horizontal (BA),PUSH HORIZONTAL,SUP PUSH
5,2,OAPU,60,🔄 Fractal,General Push (horizontal + vertical),PUSH,SUP PUSH
6,2,OAPU,75,🔄 Fractal,Push Horizontal,PUSH HORIZONTAL,SUP PUSH
7,2,OAPU,65,🔄 Fractal,General Push (horizontal + vertical),PUSH,SUP PUSH
8,2,OAPU,80,🔄 Fractal,Push Horizontal (BA),PUSH HORIZONTAL,SUP PUSH
9,3,OAPU,60,🔄 Fractal,General Push (horizontal + vertical),PUSH,SUP PUSH
10,3,OAPU,75,🔄 Fractal,Push Horizontal,PUSH HORIZONTAL,SUP PUSH
11,3,OAPU,65,🔄 Fractal,General Push (horizontal + vertical),PUSH,SUP PUSH
12,3,OAPU,80,🔄 Fractal,Push Horizontal (BA),PUSH HORIZONTAL,SUP PUSH
13,4,OAPU,55,🌊 Senoidal,General Push (horizontal + vertical),PUSH,SUP PUSH
14,4,OAPU,60,🌊 Senoidal,General Push (horizontal + vertical),PUSH,SUP PUSH
15,4,OAPU,65,🌊 Senoidal,General Push (horizontal + vertical),PUSH,SUP PUSH
16,4,OAPU,60,🌊 Senoidal,General Push (horizontal + vertical),PUSH,SUP PUSH
17,5,OAPU,55,🌊 Senoidal,General Push (horizontal + vertical),PUSH,SUP PUSH
18,5,OAPU,60,🌊 Senoidal,General Push (horizontal + vertical),PUSH,SUP PUSH
19,5,OAPU,65,🌊 Senoidal,General Push (horizontal + vertical),PUSH,SUP PUSH
20,5,OAPU,60,🌊 Senoidal,General Push (horizontal + vertical),PUSH,SUP PUSH
21,6,OAPU,55,🌊 Senoidal,General Push (horizontal + vertical),PUSH,SUP PUSH
22,6,OAPU,60,🌊 Senoidal,General Push (horizontal + vertical),PUSH,SUP PUSH
23,6,OAPU,65,🌊 Senoidal,General Push (horizontal + vertical),PUSH,SUP PUSH
24,6,OAPU,60,🌊 Senoidal,General Push (horizontal + vertical),PUSH,SUP PUSH
25,7,OAPU,55,🌊 Senoidal,General Push (horizontal + vertical),PUSH,SUP PUSH
26,7,OAPU,85,⚡ Shockwave,Push Horizontal (BA),PUSH HORIZONTAL,SUP PUSH
27,7,OAPU,95,⚡ Shockwave,OAPU,OAPU,SUP PUSH
28,7,OAPU,70,⚡ Shockwave,Push Horizontal,PUSH HORIZONTAL,SUP PUSH
29,8,OAPU,75,⚡ Shockwave,Push Horizontal,PUSH HORIZONTAL,SUP PUSH
30,8,OAPU,85,⚡ Shockwave,Push Horizontal (BA),PUSH HORIZONTAL,SUP PUSH
31,8,OAPU,95,⚡ Shockwave,OAPU,OAPU,SUP PUSH
32,8,OAPU,70,⚡ Shockwave,Push Horizontal,PUSH HORIZONTAL,SUP PUSH
33,9,OAPU,75,⚡ Shockwave,Push Horizontal,PUSH HORIZONTAL,SUP PUSH
34,9,OAPU,85,⚡ Shockwave,Push Horizontal (BA),PUSH HORIZONTAL,SUP PUSH
35,9,OAPU,95,⚡ Shockwave,OAPU,OAPU,SUP PUSH
36,9,OAPU,70,⚡ Shockwave,Push Horizontal,PUSH HORIZONTAL,SUP PUSH
37,10,OAPU,75,⚡ Shockwave,Push Horizontal,PUSH HORIZONTAL,SUP PUSH
38,10,OAPU,85,⚡ Shockwave,Push Horizontal (BA),PUSH HORIZONTAL,SUP PUSH
39,10,OAPU,75,📐 Triangular,Push Horizontal,PUSH HORIZONTAL,SUP PUSH
40,10,OAPU,80,📐 Triangular,Push Horizontal (BA),PUSH HORIZONTAL,SUP PUSH
41,11,OAPU,65,📐 Triangular,General Push (horizontal + vertical),PUSH,SUP PUSH
42,11,OAPU,70,📐 Triangular,Push Horizontal,PUSH HORIZONTAL,SUP PUSH
43,11,OAPU,75,📐 Triangular,Push Horizontal,PUSH HORIZONTAL,SUP PUSH
44,11,OAPU,80,📐 Triangular,Push Horizontal (BA),PUSH HORIZONTAL,SUP PUSH
45,12,OAPU,65,📐 Triangular,General Push (horizontal + vertical),PUSH,SUP PUSH
46,12,OAPU,70,📐 Triangular,Push Horizontal,PUSH HORIZONTAL,SUP PUSH
47,12,OAPU,75,📐 Triangular,Push Horizontal,PUSH HORIZONTAL,SUP PUSH
48,12,OAPU,80,📐 Triangular,Push Horizontal (BA),PUSH HORIZONTAL,SUP PUSH
49,13,OAPU,65,📐 Triangular,General Push (horizontal + vertical),PUSH,SUP PUSH
50,13,OAPU,70,📐 Triangular,Push Horizontal,PUSH HORIZONTAL,SUP PUSH
51,13,OAPU,75,📐 Triangular,Push Horizontal,PUSH HORIZONTAL,SUP PUSH
52,13,OAPU,80,🔄 Fractal,Push Horizontal (BA),PUSH HORIZONTAL,SUP PUSH
1,1,BL,65,📐 Triangular,Push Horizontal,PUSH HORIZONTAL,SUP PUSH
2,1,BL,70,📐 Triangular,Push Horizontal (SA),PUSH HORIZONTAL,SUP PUSH
3,1,BL,75,📐 Triangular,Push Horizontal (SA),PUSH HORIZONTAL,SUP PUSH
4,1,BL,80,🔄 Fractal,Push Horizontal (SA),PUSH HORIZONTAL,SUP PUSH
5,2,BL,60,🔄 Fractal,General Push (horizontal + vertical),PUSH,SUP PUSH
6,2,BL,75,🔄 Fractal,Push Horizontal (SA),PUSH HORIZONTAL,SUP PUSH
7,2,BL,65,🔄 Fractal,Push Horizontal,PUSH HORIZONTAL,SUP PUSH
8,2,BL,80,🔄 Fractal,Push Horizontal (SA),PUSH HORIZONTAL,SUP PUSH
9,3,BL,60,🔄 Fractal,General Push (horizontal + vertical),PUSH,SUP PUSH
10,3,BL,75,🔄 Fractal,Push Horizontal (SA),PUSH HORIZONTAL,SUP PUSH
11,3,BL,65,🔄 Fractal,Push Horizontal,PUSH HORIZONTAL,SUP PUSH
12,3,BL,80,🔄 Fractal,Push Horizontal (SA),PUSH HORIZONTAL,SUP PUSH
13,4,BL,60,🔄 Fractal,General Push (horizontal + vertical),PUSH,SUP PUSH
14,4,BL,75,🔄 Fractal,Push Horizontal (SA),PUSH HORIZONTAL,SUP PUSH
15,4,BL,65,🔄 Fractal,Push Horizontal,PUSH HORIZONTAL,SUP PUSH
16,4,BL,80,🔄 Fractal,Push Horizontal (SA),PUSH HORIZONTAL,SUP PUSH
17,5,BL,55,🌊 Senoidal,General Push (horizontal + vertical),PUSH,SUP PUSH
18,5,BL,60,🌊 Senoidal,General Push (horizontal + vertical),PUSH,SUP PUSH
19,5,BL,65,🌊 Senoidal,Push Horizontal,PUSH HORIZONTAL,SUP PUSH
20,5,BL,60,🌊 Senoidal,General Push (horizontal + vertical),PUSH,SUP PUSH
21,6,BL,55,🌊 Senoidal,General Push (horizontal + vertical),PUSH,SUP PUSH
22,6,BL,60,🌊 Senoidal,General Push (horizontal + vertical),PUSH,SUP PUSH
23,6,BL,65,🌊 Senoidal,Push Horizontal,PUSH HORIZONTAL,SUP PUSH
24,6,BL,60,🌊 Senoidal,General Push (horizontal + vertical),PUSH,SUP PUSH
25,7,BL,55,🌊 Senoidal,General Push (horizontal + vertical),PUSH,SUP PUSH
26,7,BL,60,🌊 Senoidal,General Push (horizontal + vertical),PUSH,SUP PUSH
27,7,BL,65,🌊 Senoidal,Push Horizontal,PUSH HORIZONTAL,SUP PUSH
28,7,BL,60,🌊 Senoidal,General Push (horizontal + vertical),PUSH,SUP PUSH
29,8,BL,55,🌊 Senoidal,General Push (horizontal + vertical),PUSH,SUP PUSH
30,8,BL,85,⚡ Shockwave,BL,BL,SUP PUSH
31,8,BL,95,⚡ Shockwave,BL,BL,SUP PUSH
32,8,BL,70,⚡ Shockwave,Push Horizontal (SA),PUSH HORIZONTAL,SUP PUSH
33,9,BL,75,⚡ Shockwave,Push Horizontal (SA),PUSH HORIZONTAL,SUP PUSH
34,9,BL,85,⚡ Shockwave,BL,BL,SUP PUSH
35,9,BL,95,⚡ Shockwave,BL,BL,SUP PUSH
36,9,BL,70,⚡ Shockwave,Push Horizontal (SA),PUSH HORIZONTAL,SUP PUSH
37,10,BL,75,⚡ Shockwave,Push Horizontal (SA),PUSH HORIZONTAL,SUP PUSH
38,10,BL,85,⚡ Shockwave,BL,BL,SUP PUSH
39,10,BL,95,⚡ Shockwave,BL,BL,SUP PUSH
40,10,BL,70,⚡ Shockwave,Push Horizontal (SA),PUSH HORIZONTAL,SUP PUSH
41,11,BL,75,⚡ Shockwave,Push Horizontal (SA),PUSH HORIZONTAL,SUP PUSH
42,11,BL,85,⚡ Shockwave,BL,BL,SUP PUSH
43,11,BL,75,📐 Triangular,Push Horizontal (SA),PUSH HORIZONTAL,SUP PUSH
44,11,BL,80,📐 Triangular,Push Horizontal (SA),PUSH HORIZONTAL,SUP PUSH
45,12,BL,65,📐 Triangular,Push Horizontal,PUSH HORIZONTAL,SUP PUSH
46,12,BL,70,📐 Triangular,Push Horizontal (SA),PUSH HORIZONTAL,SUP PUSH
47,12,BL,75,📐 Triangular,Push Horizontal (SA),PUSH HORIZONTAL,SUP PUSH
48,12,BL,80,📐 Triangular,Push Horizontal (SA),PUSH HORIZONTAL,SUP PUSH
49,13,BL,65,📐 Triangular,Push Horizontal,PUSH HORIZONTAL,SUP PUSH
50,13,BL,70,📐 Triangular,Push Horizontal (SA),PUSH HORIZONTAL,SUP PUSH
51,13,BL,75,📐 Triangular,Push Horizontal (SA),PUSH HORIZONTAL,SUP PUSH
52,13,BL,80,📐 Triangular,Push Horizontal (SA),PUSH HORIZONTAL,SUP PUSH
1,1,HD/ID,65,📐 Triangular,Push Vertical,PUSH VERTICAL,SUP PUSH
2,1,HD/ID,70,📐 Triangular,Push Vertical (BA),PUSH VERTICAL,SUP PUSH
3,1,HD/ID,75,📐 Triangular,Push Vertical (BA),PUSH VERTICAL,SUP PUSH
4,1,HD/ID,80,📐 Triangular,Push Vertical (BA),PUSH VERTICAL,SUP PUSH
5,2,HD/ID,65,📐 Triangular,Push Vertical,PUSH VERTICAL,SUP PUSH
6,2,HD/ID,70,📐 Triangular,Push Vertical (BA),PUSH VERTICAL,SUP PUSH
7,2,HD/ID,75,📐 Triangular,Push Vertical (BA),PUSH VERTICAL,SUP PUSH
8,2,HD/ID,80,🔄 Fractal,Push Vertical (BA),PUSH VERTICAL,SUP PUSH
9,3,HD/ID,60,🔄 Fractal,General Push (horizontal + vertical),PUSH,SUP PUSH
10,3,HD/ID,75,🔄 Fractal,Push Vertical (BA),PUSH VERTICAL,SUP PUSH
11,3,HD/ID,65,🔄 Fractal,Push Vertical,PUSH VERTICAL,SUP PUSH
12,3,HD/ID,80,🔄 Fractal,Push Vertical (BA),PUSH VERTICAL,SUP PUSH
13,4,HD/ID,60,🔄 Fractal,General Push (horizontal + vertical),PUSH,SUP PUSH
14,4,HD/ID,75,🔄 Fractal,Push Vertical (BA),PUSH VERTICAL,SUP PUSH
15,4,HD/ID,65,🔄 Fractal,Push Vertical,PUSH VERTICAL,SUP PUSH
16,4,HD/ID,80,🔄 Fractal,Push Vertical (BA),PUSH VERTICAL,SUP PUSH
17,5,HD/ID,60,🔄 Fractal,General Push (horizontal + vertical),PUSH,SUP PUSH
18,5,HD/ID,75,🔄 Fractal,Push Vertical (BA),PUSH VERTICAL,SUP PUSH
19,5,HD/ID,65,🔄 Fractal,Push Vertical,PUSH VERTICAL,SUP PUSH
20,5,HD/ID,80,🔄 Fractal,Push Vertical (BA),PUSH VERTICAL,SUP PUSH
21,6,HD/ID,55,🌊 Senoidal,General Push (horizontal + vertical),PUSH,SUP PUSH
22,6,HD/ID,60,🌊 Senoidal,General Push (horizontal + vertical),PUSH,SUP PUSH
23,6,HD/ID,65,🌊 Senoidal,Push Vertical,PUSH VERTICAL,SUP PUSH
24,6,HD/ID,60,🌊 Senoidal,General Push (horizontal + vertical),PUSH,SUP PUSH
25,7,HD/ID,55,🌊 Senoidal,General Push (horizontal + vertical),PUSH,SUP PUSH
26,7,HD/ID,60,🌊 Senoidal,General Push (horizontal + vertical),PUSH,SUP PUSH
27,7,HD/ID,65,🌊 Senoidal,Push Vertical,PUSH VERTICAL,SUP PUSH
28,7,HD/ID,60,🌊 Senoidal,General Push (horizontal + vertical),PUSH,SUP PUSH
29,8,HD/ID,55,🌊 Senoidal,General Push (horizontal + vertical),PUSH,SUP PUSH
30,8,HD/ID,60,🌊 Senoidal,General Push (horizontal + vertical),PUSH,SUP PUSH
31,8,HD/ID,65,🌊 Senoidal,Push Vertical,PUSH VERTICAL,SUP PUSH
32,8,HD/ID,60,🌊 Senoidal,General Push (horizontal + vertical),PUSH,SUP PUSH
33,9,HD/ID,55,🌊 Senoidal,General Push (horizontal + vertical),PUSH,SUP PUSH
34,9,HD/ID,85,⚡ Shockwave,HD/ID,HD/ID,SUP PUSH
35,9,HD/ID,95,⚡ Shockwave,HD/ID,HD/ID,SUP PUSH
36,9,HD/ID,70,⚡ Shockwave,Push Vertical (BA),PUSH VERTICAL,SUP PUSH
37,10,HD/ID,75,⚡ Shockwave,Push Vertical (BA),PUSH VERTICAL,SUP PUSH
38,10,HD/ID,85,⚡ Shockwave,HD/ID,HD/ID,SUP PUSH
39,10,HD/ID,95,⚡ Shockwave,HD/ID,HD/ID,SUP PUSH
40,10,HD/ID,70,⚡ Shockwave,Push Vertical (BA),PUSH VERTICAL,SUP PUSH
41,11,HD/ID,75,⚡ Shockwave,Push Vertical (BA),PUSH VERTICAL,SUP PUSH
42,11,HD/ID,85,⚡ Shockwave,HD/ID,HD/ID,SUP PUSH
43,11,HD/ID,95,⚡ Shockwave,HD/ID,HD/ID,SUP PUSH
44,11,HD/ID,70,⚡ Shockwave,Push Vertical (BA),PUSH VERTICAL,SUP PUSH
45,12,HD/ID,75,⚡ Shockwave,Push Vertical (BA),PUSH VERTICAL,SUP PUSH
46,12,HD/ID,85,⚡ Shockwave,HD/ID,HD/ID,SUP PUSH
47,12,HD/ID,75,📐 Triangular,Push Vertical (BA),PUSH VERTICAL,SUP PUSH
48,12,HD/ID,80,📐 Triangular,Push Vertical (BA),PUSH VERTICAL,SUP PUSH
49,13,HD/ID,65,📐 Triangular,Push Vertical,PUSH VERTICAL,SUP PUSH
50,13,HD/ID,70,📐 Triangular,Push Vertical (BA),PUSH VERTICAL,SUP PUSH
51,13,HD/ID,75,📐 Triangular,Push Vertical (BA),PUSH VERTICAL,SUP PUSH
52,13,HD/ID,80,📐 Triangular,Push Vertical (BA),PUSH VERTICAL,SUP PUSH
1,1,PLPU,65,📐 Triangular,Push Horizontal,PUSH HORIZONTAL,SUP PUSH
2,1,PLPU,70,📐 Triangular,Push Horizontal,PUSH HORIZONTAL,SUP PUSH
3,1,PLPU,75,📐 Triangular,Push Horizontal (BA),PUSH HORIZONTAL,SUP PUSH
4,1,PLPU,80,📐 Triangular,Push Horizontal (BA),PUSH HORIZONTAL,SUP PUSH
5,2,PLPU,65,📐 Triangular,Push Horizontal,PUSH HORIZONTAL,SUP PUSH
6,2,PLPU,70,📐 Triangular,Push Horizontal,PUSH HORIZONTAL,SUP PUSH
7,2,PLPU,75,📐 Triangular,Push Horizontal (BA),PUSH HORIZONTAL,SUP PUSH
8,2,PLPU,80,📐 Triangular,Push Horizontal (BA),PUSH HORIZONTAL,SUP PUSH
9,3,PLPU,65,📐 Triangular,Push Horizontal,PUSH HORIZONTAL,SUP PUSH
10,3,PLPU,70,📐 Triangular,Push Horizontal,PUSH HORIZONTAL,SUP PUSH
11,3,PLPU,75,📐 Triangular,Push Horizontal (BA),PUSH HORIZONTAL,SUP PUSH
12,3,PLPU,80,🔄 Fractal,Push Horizontal (BA),PUSH HORIZONTAL,SUP PUSH
13,4,PLPU,60,🔄 Fractal,General Push (horizontal + vertical),PUSH,SUP PUSH
14,4,PLPU,75,🔄 Fractal,Push Horizontal (BA),PUSH HORIZONTAL,SUP PUSH
15,4,PLPU,65,🔄 Fractal,Push Horizontal,PUSH HORIZONTAL,SUP PUSH
16,4,PLPU,80,🔄 Fractal,Push Horizontal (BA),PUSH HORIZONTAL,SUP PUSH
17,5,PLPU,60,🔄 Fractal,General Push (horizontal + vertical),PUSH,SUP PUSH
18,5,PLPU,75,🔄 Fractal,Push Horizontal (BA),PUSH HORIZONTAL,SUP PUSH
19,5,PLPU,65,🔄 Fractal,Push Horizontal,PUSH HORIZONTAL,SUP PUSH
20,5,PLPU,80,🔄 Fractal,Push Horizontal (BA),PUSH HORIZONTAL,SUP PUSH
21,6,PLPU,60,🔄 Fractal,General Push (horizontal + vertical),PUSH,SUP PUSH
22,6,PLPU,75,🔄 Fractal,Push Horizontal (BA),PUSH HORIZONTAL,SUP PUSH
23,6,PLPU,65,🔄 Fractal,Push Horizontal,PUSH HORIZONTAL,SUP PUSH
24,6,PLPU,80,🔄 Fractal,Push Horizontal (BA),PUSH HORIZONTAL,SUP PUSH
25,7,PLPU,55,🌊 Senoidal,General Push (horizontal + vertical),PUSH,SUP PUSH
26,7,PLPU,60,🌊 Senoidal,General Push (horizontal + vertical),PUSH,SUP PUSH
27,7,PLPU,65,🌊 Senoidal,Push Horizontal,PUSH HORIZONTAL,SUP PUSH
28,7,PLPU,60,🌊 Senoidal,General Push (horizontal + vertical),PUSH,SUP PUSH
29,8,PLPU,55,🌊 Senoidal,General Push (horizontal + vertical),PUSH,SUP PUSH
30,8,PLPU,60,🌊 Senoidal,General Push (horizontal + vertical),PUSH,SUP PUSH
31,8,PLPU,65,🌊 Senoidal,Push Horizontal,PUSH HORIZONTAL,SUP PUSH
32,8,PLPU,60,🌊 Senoidal,General Push (horizontal + vertical),PUSH,SUP PUSH
33,9,PLPU,55,🌊 Senoidal,General Push (horizontal + vertical),PUSH,SUP PUSH
34,9,PLPU,60,🌊 Senoidal,General Push (horizontal + vertical),PUSH,SUP PUSH
35,9,PLPU,65,🌊 Senoidal,Push Horizontal,PUSH HORIZONTAL,SUP PUSH
36,9,PLPU,60,🌊 Senoidal,General Push (horizontal + vertical),PUSH,SUP PUSH
37,10,PLPU,55,🌊 Senoidal,General Push (horizontal + vertical),PUSH,SUP PUSH
38,10,PLPU,85,⚡ Shockwave,PLPU,PLPU,SUP PUSH
39,10,PLPU,95,⚡ Shockwave,PLPU,PLPU,SUP PUSH
40,10,PLPU,70,⚡ Shockwave,Push Horizontal,PUSH HORIZONTAL,SUP PUSH
41,11,PLPU,75,⚡ Shockwave,Push Horizontal (BA),PUSH HORIZONTAL,SUP PUSH
42,11,PLPU,85,⚡ Shockwave,PLPU,PLPU,SUP PUSH
43,11,PLPU,95,⚡ Shockwave,PLPU,PLPU,SUP PUSH
44,11,PLPU,70,⚡ Shockwave,Push Horizontal,PUSH HORIZONTAL,SUP PUSH
45,12,PLPU,75,⚡ Shockwave,Push Horizontal (BA),PUSH HORIZONTAL,SUP PUSH
46,12,PLPU,85,⚡ Shockwave,PLPU,PLPU,SUP PUSH
47,12,PLPU,95,⚡ Shockwave,PLPU,PLPU,SUP PUSH
48,12,PLPU,70,⚡ Shockwave,Push Horizontal,PUSH HORIZONTAL,SUP PUSH
49,13,PLPU,75,⚡ Shockwave,Push Horizontal (BA),PUSH HORIZONTAL,SUP PUSH
50,13,PLPU,85,⚡ Shockwave,PLPU,PLPU,SUP PUSH
51,13,PLPU,75,📐 Triangular,Push Horizontal (BA),PUSH HORIZONTAL,SUP PUSH
52,13,PLPU,80,📐 Triangular,Push Horizontal (BA),PUSH HORIZONTAL,SUP PUSH
1,1,HS,75,⚡ Shockwave,Push Vertical (SA),PUSH VERTICAL,SUP PUSH
2,1,HS,85,⚡ Shockwave,HS,HS,SUP PUSH
3,1,HS,75,📐 Triangular,Push Vertical (SA),PUSH VERTICAL,SUP PUSH
4,1,HS,80,📐 Triangular,Push Vertical (SA),PUSH VERTICAL,SUP PUSH
5,2,HS,65,📐 Triangular,Push Vertical,PUSH VERTICAL,SUP PUSH
6,2,HS,70,📐 Triangular,Push Vertical,PUSH VERTICAL,SUP PUSH
7,2,HS,75,📐 Triangular,Push Vertical (SA),PUSH VERTICAL,SUP PUSH
8,2,HS,80,📐 Triangular,Push Vertical (SA),PUSH VERTICAL,SUP PUSH
9,3,HS,65,📐 Triangular,Push Vertical,PUSH VERTICAL,SUP PUSH
10,3,HS,70,📐 Triangular,Push Vertical,PUSH VERTICAL,SUP PUSH
11,3,HS,75,📐 Triangular,Push Vertical (SA),PUSH VERTICAL,SUP PUSH
12,3,HS,80,📐 Triangular,Push Vertical (SA),PUSH VERTICAL,SUP PUSH
13,4,HS,65,📐 Triangular,Push Vertical,PUSH VERTICAL,SUP PUSH
14,4,HS,70,📐 Triangular,Push Vertical,PUSH VERTICAL,SUP PUSH
15,4,HS,75,📐 Triangular,Push Vertical (SA),PUSH VERTICAL,SUP PUSH
16,4,HS,80,🔄 Fractal,Push Vertical (SA),PUSH VERTICAL,SUP PUSH
17,5,HS,60,🔄 Fractal,General Push (horizontal + vertical),PUSH,SUP PUSH
18,5,HS,75,🔄 Fractal,Push Vertical (SA),PUSH VERTICAL,SUP PUSH
19,5,HS,65,🔄 Fractal,Push Vertical,PUSH VERTICAL,SUP PUSH
20,5,HS,80,🔄 Fractal,Push Vertical (SA),PUSH VERTICAL,SUP PUSH
21,6,HS,60,🔄 Fractal,General Push (horizontal + vertical),PUSH,SUP PUSH
22,6,HS,75,🔄 Fractal,Push Vertical (SA),PUSH VERTICAL,SUP PUSH
23,6,HS,65,🔄 Fractal,Push Vertical,PUSH VERTICAL,SUP PUSH
24,6,HS,80,🔄 Fractal,Push Vertical (SA),PUSH VERTICAL,SUP PUSH
25,7,HS,60,🔄 Fractal,General Push (horizontal + vertical),PUSH,SUP PUSH
26,7,HS,75,🔄 Fractal,Push Vertical (SA),PUSH VERTICAL,SUP PUSH
27,7,HS,65,🔄 Fractal,Push Vertical,PUSH VERTICAL,SUP PUSH
28,7,HS,80,🔄 Fractal,Push Vertical (SA),PUSH VERTICAL,SUP PUSH
29,8,HS,55,🌊 Senoidal,General Push (horizontal + vertical),PUSH,SUP PUSH
30,8,HS,60,🌊 Senoidal,General Push (horizontal + vertical),PUSH,SUP PUSH
31,8,HS,65,🌊 Senoidal,Push Vertical,PUSH VERTICAL,SUP PUSH
32,8,HS,60,🌊 Senoidal,General Push (horizontal + vertical),PUSH,SUP PUSH
33,9,HS,55,🌊 Senoidal,General Push (horizontal + vertical),PUSH,SUP PUSH
34,9,HS,60,🌊 Senoidal,General Push (horizontal + vertical),PUSH,SUP PUSH
35,9,HS,65,🌊 Senoidal,Push Vertical,PUSH VERTICAL,SUP PUSH
36,9,HS,60,🌊 Senoidal,General Push (horizontal + vertical),PUSH,SUP PUSH
37,10,HS,55,🌊 Senoidal,General Push (horizontal + vertical),PUSH,SUP PUSH
38,10,HS,60,🌊 Senoidal,General Push (horizontal + vertical),PUSH,SUP PUSH
39,10,HS,65,🌊 Senoidal,Push Vertical,PUSH VERTICAL,SUP PUSH
40,10,HS,60,🌊 Senoidal,General Push (horizontal + vertical),PUSH,SUP PUSH
41,11,HS,55,🌊 Senoidal,General Push (horizontal + vertical),PUSH,SUP PUSH
42,11,HS,85,⚡ Shockwave,HS,HS,SUP PUSH
43,11,HS,95,⚡ Shockwave,HS,HS,SUP PUSH
44,11,HS,70,⚡ Shockwave,Push Vertical,PUSH VERTICAL,SUP PUSH
45,12,HS,75,⚡ Shockwave,Push Vertical (SA),PUSH VERTICAL,SUP PUSH
46,12,HS,85,⚡ Shockwave,HS,HS,SUP PUSH
47,12,HS,95,⚡ Shockwave,HS,HS,SUP PUSH
48,12,HS,70,⚡ Shockwave,Push Vertical,PUSH VERTICAL,SUP PUSH
49,13,HS,75,⚡ Shockwave,Push Vertical (SA),PUSH VERTICAL,SUP PUSH
50,13,HS,85,⚡ Shockwave,HS,HS,SUP PUSH
51,13,HS,95,⚡ Shockwave,HS,HS,SUP PUSH
52,13,HS,70,⚡ Shockwave,Push Vertical,PUSH VERTICAL,SUP PUSH
1,1,FL,55,🌊 Senoidal,General Pull (horizontal + vertical),PULL,SUP PULL
2,1,FL,60,🌊 Senoidal,General Pull (horizontal + vertical),PULL,SUP PULL
3,1,FL,65,🌊 Senoidal,Pull Horizontal,PULL HORIZONTAL,SUP PULL
4,1,FL,60,🌊 Senoidal,General Pull (horizontal + vertical),PULL,SUP PULL
5,2,FL,55,🌊 Senoidal,General Pull (horizontal + vertical),PULL,SUP PULL
6,2,FL,60,🌊 Senoidal,General Pull (horizontal + vertical),PULL,SUP PULL
7,2,FL,65,🌊 Senoidal,Pull Horizontal,PULL HORIZONTAL,SUP PULL
8,2,FL,60,🌊 Senoidal,General Pull (horizontal + vertical),PULL,SUP PULL
9,3,FL,55,🌊 Senoidal,General Pull (horizontal + vertical),PULL,SUP PULL
10,3,FL,60,🌊 Senoidal,General Pull (horizontal + vertical),PULL,SUP PULL
11,3,FL,65,🌊 Senoidal,Pull Horizontal,PULL HORIZONTAL,SUP PULL
12,3,FL,60,🌊 Senoidal,General Pull (horizontal + vertical),PULL,SUP PULL
13,4,FL,55,🌊 Senoidal,General Pull (horizontal + vertical),PULL,SUP PULL
14,4,FL,85,⚡ Shockwave,FL,FL,SUP PULL
15,4,FL,95,⚡ Shockwave,FL,FL,SUP PULL
16,4,FL,70,⚡ Shockwave,Pull Horizontal,PULL HORIZONTAL,SUP PULL
17,5,FL,75,⚡ Shockwave,Pull Horizontal (BA),PULL HORIZONTAL,SUP PULL
18,5,FL,85,⚡ Shockwave,FL,FL,SUP PULL
19,5,FL,95,⚡ Shockwave,FL,FL,SUP PULL
20,5,FL,70,⚡ Shockwave,Pull Horizontal,PULL HORIZONTAL,SUP PULL
21,6,FL,75,⚡ Shockwave,Pull Horizontal (BA),PULL HORIZONTAL,SUP PULL
22,6,FL,85,⚡ Shockwave,FL,FL,SUP PULL
23,6,FL,95,⚡ Shockwave,FL,FL,SUP PULL
24,6,FL,70,⚡ Shockwave,Pull Horizontal,PULL HORIZONTAL,SUP PULL
25,7,FL,75,⚡ Shockwave,Pull Horizontal (BA),PULL HORIZONTAL,SUP PULL
26,7,FL,85,⚡ Shockwave,FL,FL,SUP PULL
27,7,FL,95,⚡ Shockwave,FL,FL,SUP PULL
28,7,FL,80,📐 Triangular,Pull Horizontal (BA),PULL HORIZONTAL,SUP PULL
29,8,FL,65,📐 Triangular,Pull Horizontal,PULL HORIZONTAL,SUP PULL
30,8,FL,70,📐 Triangular,Pull Horizontal,PULL HORIZONTAL,SUP PULL
31,8,FL,75,📐 Triangular,Pull Horizontal (BA),PULL HORIZONTAL,SUP PULL
32,8,FL,80,📐 Triangular,Pull Horizontal (BA),PULL HORIZONTAL,SUP PULL
33,9,FL,65,📐 Triangular,Pull Horizontal,PULL HORIZONTAL,SUP PULL
34,9,FL,70,📐 Triangular,Pull Horizontal,PULL HORIZONTAL,SUP PULL
35,9,FL,75,📐 Triangular,Pull Horizontal (BA),PULL HORIZONTAL,SUP PULL
36,9,FL,80,📐 Triangular,Pull Horizontal (BA),PULL HORIZONTAL,SUP PULL
37,10,FL,65,📐 Triangular,Pull Horizontal,PULL HORIZONTAL,SUP PULL
38,10,FL,70,📐 Triangular,Pull Horizontal,PULL HORIZONTAL,SUP PULL
39,10,FL,75,📐 Triangular,Pull Horizontal (BA),PULL HORIZONTAL,SUP PULL
40,10,FL,80,📐 Triangular,Pull Horizontal (BA),PULL HORIZONTAL,SUP PULL
41,11,FL,60,🔄 Fractal,General Pull (horizontal + vertical),PULL,SUP PULL
42,11,FL,75,🔄 Fractal,Pull Horizontal (BA),PULL HORIZONTAL,SUP PULL
43,11,FL,65,🔄 Fractal,Pull Horizontal,PULL HORIZONTAL,SUP PULL
44,11,FL,80,🔄 Fractal,Pull Horizontal (BA),PULL HORIZONTAL,SUP PULL
45,12,FL,60,🔄 Fractal,General Pull (horizontal + vertical),PULL,SUP PULL
46,12,FL,75,🔄 Fractal,Pull Horizontal (BA),PULL HORIZONTAL,SUP PULL
47,12,FL,65,🔄 Fractal,Pull Horizontal,PULL HORIZONTAL,SUP PULL
48,12,FL,80,🔄 Fractal,Pull Horizontal (BA),PULL HORIZONTAL,SUP PULL
49,13,FL,60,🔄 Fractal,General Pull (horizontal + vertical),PULL,SUP PULL
50,13,FL,75,🔄 Fractal,Pull Horizontal (BA),PULL HORIZONTAL,SUP PULL
51,13,FL,65,🔄 Fractal,Pull Horizontal,PULL HORIZONTAL,SUP PULL
52,13,FL,80,🔄 Fractal,Pull Horizontal (BA),PULL HORIZONTAL,SUP PULL
1,1,TTB,60,🌊 Senoidal,General Pull (horizontal + vertical),PULL,SUP PULL
2,1,TTB,75,🌊 Senoidal,Pull Vertical,PULL VERTICAL,SUP PULL
3,1,TTB,65,🌊 Senoidal,General Pull (horizontal + vertical),PULL,SUP PULL
4,1,TTB,80,🌊 Senoidal,Pull Vertical (SA),PULL VERTICAL,SUP PULL
5,2,TTB,55,🌊 Senoidal,General Pull (horizontal + vertical),PULL,SUP PULL
6,2,TTB,60,🌊 Senoidal,General Pull (horizontal + vertical),PULL,SUP PULL
7,2,TTB,65,🌊 Senoidal,General Pull (horizontal + vertical),PULL,SUP PULL
8,2,TTB,60,🌊 Senoidal,General Pull (horizontal + vertical),PULL,SUP PULL
9,3,TTB,55,🌊 Senoidal,General Pull (horizontal + vertical),PULL,SUP PULL
10,3,TTB,60,🌊 Senoidal,General Pull (horizontal + vertical),PULL,SUP PULL
11,3,TTB,65,🌊 Senoidal,General Pull (horizontal + vertical),PULL,SUP PULL
12,3,TTB,60,🌊 Senoidal,General Pull (horizontal + vertical),PULL,SUP PULL
13,4,TTB,55,🌊 Senoidal,General Pull (horizontal + vertical),PULL,SUP PULL
14,4,TTB,60,⚡ Shockwave,General Pull (horizontal + vertical),PULL,SUP PULL
15,4,TTB,65,⚡ Shockwave,General Pull (horizontal + vertical),PULL,SUP PULL
16,4,TTB,60,⚡ Shockwave,General Pull (horizontal + vertical),PULL,SUP PULL
17,5,TTB,55,⚡ Shockwave,General Pull (horizontal + vertical),PULL,SUP PULL
18,5,TTB,85,⚡ Shockwave,Pull Vertical (SA),PULL VERTICAL,SUP PULL
19,5,TTB,95,⚡ Shockwave,TTB específico,TTB,SUP PULL
20,5,TTB,70,⚡ Shockwave,Pull Vertical,PULL VERTICAL,SUP PULL
21,6,TTB,75,⚡ Shockwave,Pull Vertical,PULL VERTICAL,SUP PULL
22,6,TTB,85,⚡ Shockwave,Pull Vertical (SA),PULL VERTICAL,SUP PULL
23,6,TTB,95,⚡ Shockwave,TTB específico,TTB,SUP PULL
24,6,TTB,70,⚡ Shockwave,Pull Vertical,PULL VERTICAL,SUP PULL
25,7,TTB,75,⚡ Shockwave,Pull Vertical,PULL VERTICAL,SUP PULL
26,7,TTB,85,⚡ Shockwave,Pull Vertical (SA),PULL VERTICAL,SUP PULL
27,7,TTB,95,📐 Triangular,TTB específico,TTB,SUP PULL
28,7,TTB,70,📐 Triangular,Pull Vertical,PULL VERTICAL,SUP PULL
29,8,TTB,75,📐 Triangular,Pull Vertical,PULL VERTICAL,SUP PULL
30,8,TTB,85,📐 Triangular,Pull Vertical (SA),PULL VERTICAL,SUP PULL
31,8,TTB,95,📐 Triangular,TTB específico,TTB,SUP PULL
32,8,TTB,80,📐 Triangular,Pull Vertical (SA),PULL VERTICAL,SUP PULL
33,9,TTB,65,📐 Triangular,General Pull (horizontal + vertical),PULL,SUP PULL
34,9,TTB,70,📐 Triangular,Pull Vertical,PULL VERTICAL,SUP PULL
35,9,TTB,75,📐 Triangular,Pull Vertical,PULL VERTICAL,SUP PULL
36,9,TTB,80,📐 Triangular,Pull Vertical (SA),PULL VERTICAL,SUP PULL
37,10,TTB,65,📐 Triangular,General Pull (horizontal + vertical),PULL,SUP PULL
38,10,TTB,70,📐 Triangular,Pull Vertical,PULL VERTICAL,SUP PULL
39,10,TTB,75,📐 Triangular,Pull Vertical,PULL VERTICAL,SUP PULL
40,10,TTB,80,🔄 Fractal,Pull Vertical (SA),PULL VERTICAL,SUP PULL
41,11,TTB,65,🔄 Fractal,General Pull (horizontal + vertical),PULL,SUP PULL
42,11,TTB,70,🔄 Fractal,Pull Vertical,PULL VERTICAL,SUP PULL
43,11,TTB,75,🔄 Fractal,Pull Vertical,PULL VERTICAL,SUP PULL
44,11,TTB,80,🔄 Fractal,Pull Vertical (SA),PULL VERTICAL,SUP PULL
45,12,TTB,60,🔄 Fractal,General Pull (horizontal + vertical),PULL,SUP PULL
46,12,TTB,75,🔄 Fractal,Pull Vertical,PULL VERTICAL,SUP PULL
47,12,TTB,65,🔄 Fractal,General Pull (horizontal + vertical),PULL,SUP PULL
48,12,TTB,80,🔄 Fractal,Pull Vertical (SA),PULL VERTICAL,SUP PULL
49,13,TTB,60,🔄 Fractal,General Pull (horizontal + vertical),PULL,SUP PULL
50,13,TTB,75,🔄 Fractal,Pull Vertical,PULL VERTICAL,SUP PULL
51,13,TTB,65,🔄 Fractal,General Pull (horizontal + vertical),PULL,SUP PULL
52,13,TTB,80,🔄 Fractal,Pull Vertical (SA),PULL VERTICAL,SUP PULL
1,1,OAR,60,🌊 Senoidal,Pull Horizontal (BA),PULL,SUP PULL
2,1,OAR,75,🌊 Senoidal,Pull Vertical,PULL VERTICAL,SUP PULL
3,1,OAR,65,🌊 Senoidal,General Pull (horizontal + vertical),PULL,SUP PULL
4,1,OAR,80,🌊 Senoidal,Pull Horizontal (BA),PULL VERTICAL,SUP PULL
5,2,OAR,60,🌊 Senoidal,Pull Horizontal (BA),PULL,SUP PULL
6,2,OAR,75,🌊 Senoidal,General Pull (horizontal + vertical),PULL,SUP PULL
7,2,OAR,65,🌊 Senoidal,General Pull (horizontal + vertical),PULL,SUP PULL
8,2,OAR,80,🌊 Senoidal,Pull Horizontal (BA),PULL,SUP PULL
9,3,OAR,55,🌊 Senoidal,General Pull (horizontal + vertical),PULL,SUP PULL
10,3,OAR,60,🌊 Senoidal,Pull Horizontal (BA),PULL,SUP PULL
11,3,OAR,65,🌊 Senoidal,General Pull (horizontal + vertical),PULL,SUP PULL
12,3,OAR,60,🌊 Senoidal,Pull Horizontal (BA),PULL,SUP PULL
13,4,OAR,55,🌊 Senoidal,General Pull (horizontal + vertical),PULL,SUP PULL
14,4,OAR,60,⚡ Shockwave,Pull Horizontal (BA),PULL,SUP PULL
15,4,OAR,65,⚡ Shockwave,General Pull (horizontal + vertical),PULL,SUP PULL
16,4,OAR,60,⚡ Shockwave,Pull Horizontal (BA),PULL,SUP PULL
17,5,OAR,55,⚡ Shockwave,General Pull (horizontal + vertical),PULL,SUP PULL
18,5,OAR,60,⚡ Shockwave,Pull Horizontal (BA),PULL VERTICAL,SUP PULL
19,5,OAR,65,⚡ Shockwave,TTB específico,TTB,SUP PULL
20,5,OAR,60,⚡ Shockwave,Pull Horizontal (BA),PULL VERTICAL,SUP PULL
21,6,OAR,55,⚡ Shockwave,Pull Vertical,PULL VERTICAL,SUP PULL
22,6,OAR,60,⚡ Shockwave,Pull Horizontal (BA),PULL VERTICAL,SUP PULL
23,6,OAR,65,⚡ Shockwave,TTB específico,TTB,SUP PULL
24,6,OAR,60,⚡ Shockwave,Pull Horizontal (BA),PULL VERTICAL,SUP PULL
25,7,OAR,55,⚡ Shockwave,Pull Vertical,PULL VERTICAL,SUP PULL
26,7,OAR,60,⚡ Shockwave,Pull Horizontal (BA),PULL VERTICAL,SUP PULL
27,7,OAR,65,📐 Triangular,TTB específico,TTB,SUP PULL
28,7,OAR,70,📐 Triangular,Pull Horizontal (BA),PULL VERTICAL,SUP PULL
29,8,OAR,75,📐 Triangular,Pull Vertical,PULL VERTICAL,SUP PULL
30,8,OAR,85,📐 Triangular,Pull Horizontal (BA),PULL VERTICAL,SUP PULL
31,8,OAR,95,📐 Triangular,TTB específico,TTB,SUP PULL
32,8,OAR,70,📐 Triangular,Pull Horizontal (BA),PULL VERTICAL,SUP PULL
33,9,OAR,75,📐 Triangular,General Pull (horizontal + vertical),PULL,SUP PULL
34,9,OAR,85,📐 Triangular,Pull Horizontal (BA),PULL VERTICAL,SUP PULL
35,9,OAR,95,📐 Triangular,Pull Vertical,PULL VERTICAL,SUP PULL
36,9,OAR,70,📐 Triangular,Pull Horizontal (BA),PULL VERTICAL,SUP PULL
37,10,OAR,75,📐 Triangular,General Pull (horizontal + vertical),PULL,SUP PULL
38,10,OAR,85,📐 Triangular,Pull Horizontal (BA),PULL VERTICAL,SUP PULL
39,10,OAR,95,📐 Triangular,Pull Vertical,PULL VERTICAL,SUP PULL
40,10,OAR,70,🔄 Fractal,Pull Horizontal (BA),PULL VERTICAL,SUP PULL
41,11,OAR,65,🔄 Fractal,General Pull (horizontal + vertical),PULL,SUP PULL
42,11,OAR,70,🔄 Fractal,Pull Horizontal (BA),PULL VERTICAL,SUP PULL
43,11,OAR,75,🔄 Fractal,Pull Vertical,PULL VERTICAL,SUP PULL
44,11,OAR,80,🔄 Fractal,Pull Horizontal (BA),PULL VERTICAL,SUP PULL
45,12,OAR,65,🔄 Fractal,General Pull (horizontal + vertical),PULL,SUP PULL
46,12,OAR,70,🔄 Fractal,Pull Horizontal (BA),PULL VERTICAL,SUP PULL
47,12,OAR,75,🔄 Fractal,General Pull (horizontal + vertical),PULL,SUP PULL
48,12,OAR,80,🔄 Fractal,Pull Horizontal (BA),PULL VERTICAL,SUP PULL
49,13,OAR,60,🔄 Fractal,Pull Horizontal (BA),PULL,SUP PULL
50,13,OAR,75,🔄 Fractal,Pull Vertical,PULL VERTICAL,SUP PULL
51,13,OAR,65,🔄 Fractal,General Pull (horizontal + vertical),PULL,SUP PULL
52,13,OAR,80,🔄 Fractal,Pull Horizontal (BA),PULL VERTICAL,SUP PULL
1,1,FLR,60,🔄 Fractal,General Pull (horizontal + vertical),PULL,SUP PULL
2,1,FLR,75,🔄 Fractal,Pull Horizontal,PULL HORIZONTAL,SUP PULL
3,1,FLR,65,🔄 Fractal,General Pull (horizontal + vertical),PULL,SUP PULL
4,1,FLR,80,🔄 Fractal,Pull Horizontal (BA),PULL HORIZONTAL,SUP PULL
5,2,FLR,60,🔄 Fractal,General Pull (horizontal + vertical),PULL,SUP PULL
6,2,FLR,75,🔄 Fractal,Pull Horizontal,PULL HORIZONTAL,SUP PULL
7,2,FLR,65,🔄 Fractal,General Pull (horizontal + vertical),PULL,SUP PULL
8,2,FLR,80,🔄 Fractal,Pull Horizontal (BA),PULL HORIZONTAL,SUP PULL
9,3,FLR,60,🔄 Fractal,General Pull (horizontal + vertical),PULL,SUP PULL
10,3,FLR,75,🔄 Fractal,Pull Horizontal,PULL HORIZONTAL,SUP PULL
11,3,FLR,65,🔄 Fractal,General Pull (horizontal + vertical),PULL,SUP PULL
12,3,FLR,80,🔄 Fractal,Pull Horizontal (BA),PULL HORIZONTAL,SUP PULL
13,4,FLR,55,🔄 Fractal,General Pull (horizontal + vertical),PULL,SUP PULL
14,4,FLR,60,🌊 Senoidal,General Pull (horizontal + vertical),PULL,SUP PULL
15,4,FLR,65,🌊 Senoidal,General Pull (horizontal + vertical),PULL,SUP PULL
16,4,FLR,60,🌊 Senoidal,General Pull (horizontal + vertical),PULL,SUP PULL
17,5,FLR,55,🌊 Senoidal,General Pull (horizontal + vertical),PULL,SUP PULL
18,5,FLR,60,🌊 Senoidal,General Pull (horizontal + vertical),PULL,SUP PULL
19,5,FLR,65,🌊 Senoidal,General Pull (horizontal + vertical),PULL,SUP PULL
20,5,FLR,60,🌊 Senoidal,General Pull (horizontal + vertical),PULL,SUP PULL
21,6,FLR,55,🌊 Senoidal,General Pull (horizontal + vertical),PULL,SUP PULL
22,6,FLR,60,🌊 Senoidal,General Pull (horizontal + vertical),PULL,SUP PULL
23,6,FLR,65,🌊 Senoidal,General Pull (horizontal + vertical),PULL,SUP PULL
24,6,FLR,60,🌊 Senoidal,General Pull (horizontal + vertical),PULL,SUP PULL
25,7,FLR,55,🌊 Senoidal,General Pull (horizontal + vertical),PULL,SUP PULL
26,7,FLR,60,🌊 Senoidal,General Pull (horizontal + vertical),PULL,SUP PULL
27,7,FLR,65,⚡ Shockwave,General Pull (horizontal + vertical),PULL,SUP PULL
28,7,FLR,70,⚡ Shockwave,Pull Horizontal,PULL HORIZONTAL,SUP PULL
29,8,FLR,75,⚡ Shockwave,Pull Horizontal,PULL HORIZONTAL,SUP PULL
30,8,FLR,85,⚡ Shockwave,Pull Horizontal (BA),PULL HORIZONTAL,SUP PULL
31,8,FLR,95,⚡ Shockwave,FLR,FLR,SUP PULL
32,8,FLR,70,⚡ Shockwave,Pull Horizontal,PULL HORIZONTAL,SUP PULL
33,9,FLR,75,⚡ Shockwave,Pull Horizontal,PULL HORIZONTAL,SUP PULL
34,9,FLR,85,⚡ Shockwave,Pull Horizontal (BA),PULL HORIZONTAL,SUP PULL
35,9,FLR,95,⚡ Shockwave,FLR,FLR,SUP PULL
36,9,FLR,70,⚡ Shockwave,Pull Horizontal,PULL HORIZONTAL,SUP PULL
37,10,FLR,75,⚡ Shockwave,Pull Horizontal,PULL HORIZONTAL,SUP PULL
38,10,FLR,85,⚡ Shockwave,Pull Horizontal (BA),PULL HORIZONTAL,SUP PULL
39,10,FLR,95,⚡ Shockwave,FLR,FLR,SUP PULL
40,10,FLR,70,📐 Triangular,Pull Horizontal,PULL HORIZONTAL,SUP PULL
41,11,FLR,65,📐 Triangular,General Pull (horizontal + vertical),PULL,SUP PULL
42,11,FLR,70,📐 Triangular,Pull Horizontal,PULL HORIZONTAL,SUP PULL
43,11,FLR,75,📐 Triangular,Pull Horizontal,PULL HORIZONTAL,SUP PULL
44,11,FLR,80,📐 Triangular,Pull Horizontal (BA),PULL HORIZONTAL,SUP PULL
45,12,FLR,65,📐 Triangular,General Pull (horizontal + vertical),PULL,SUP PULL
46,12,FLR,70,📐 Triangular,Pull Horizontal,PULL HORIZONTAL,SUP PULL
47,12,FLR,75,📐 Triangular,Pull Horizontal,PULL HORIZONTAL,SUP PULL
48,12,FLR,80,📐 Triangular,Pull Horizontal (BA),PULL HORIZONTAL,SUP PULL
49,13,FLR,60,📐 Triangular,General Pull (horizontal + vertical),PULL,SUP PULL
50,13,FLR,75,📐 Triangular,Pull Horizontal,PULL HORIZONTAL,SUP PULL
51,13,FLR,65,📐 Triangular,General Pull (horizontal + vertical),PULL,SUP PULL
52,13,FLR,80,📐 Triangular,Pull Horizontal (BA),PULL HORIZONTAL,SUP PULL
1,1,OAP,65,🔄 Fractal,General Pull (horizontal + vertical),PULL,SUP PULL
2,1,OAP,70,🔄 Fractal,Pull Vertical,PULL VERTICAL,SUP PULL
3,1,OAP,75,🔄 Fractal,Pull Vertical,PULL VERTICAL,SUP PULL
4,1,OAP,80,🔄 Fractal,Pull Vertical (BA),PULL VERTICAL,SUP PULL
5,2,OAP,60,🔄 Fractal,General Pull (horizontal + vertical),PULL,SUP PULL
6,2,OAP,75,🔄 Fractal,Pull Vertical,PULL VERTICAL,SUP PULL
7,2,OAP,65,🔄 Fractal,General Pull (horizontal + vertical),PULL,SUP PULL
8,2,OAP,80,🔄 Fractal,Pull Vertical (BA),PULL VERTICAL,SUP PULL
9,3,OAP,60,🔄 Fractal,General Pull (horizontal + vertical),PULL,SUP PULL
10,3,OAP,75,🔄 Fractal,Pull Vertical,PULL VERTICAL,SUP PULL
11,3,OAP,65,🔄 Fractal,General Pull (horizontal + vertical),PULL,SUP PULL
12,3,OAP,80,🔄 Fractal,Pull Vertical (BA),PULL VERTICAL,SUP PULL
13,4,OAP,60,🔄 Fractal,General Pull (horizontal + vertical),PULL,SUP PULL
14,4,OAP,75,🌊 Senoidal,Pull Vertical,PULL VERTICAL,SUP PULL
15,4,OAP,65,🌊 Senoidal,General Pull (horizontal + vertical),PULL,SUP PULL
16,4,OAP,80,🌊 Senoidal,Pull Vertical (BA),PULL VERTICAL,SUP PULL
17,5,OAP,55,🌊 Senoidal,General Pull (horizontal + vertical),PULL,SUP PULL
18,5,OAP,60,🌊 Senoidal,General Pull (horizontal + vertical),PULL,SUP PULL
19,5,OAP,65,🌊 Senoidal,General Pull (horizontal + vertical),PULL,SUP PULL
20,5,OAP,60,🌊 Senoidal,General Pull (horizontal + vertical),PULL,SUP PULL
21,6,OAP,55,🌊 Senoidal,General Pull (horizontal + vertical),PULL,SUP PULL
22,6,OAP,60,🌊 Senoidal,General Pull (horizontal + vertical),PULL,SUP PULL
23,6,OAP,65,🌊 Senoidal,General Pull (horizontal + vertical),PULL,SUP PULL
24,6,OAP,60,🌊 Senoidal,General Pull (horizontal + vertical),PULL,SUP PULL
25,7,OAP,55,🌊 Senoidal,General Pull (horizontal + vertical),PULL,SUP PULL
26,7,OAP,60,🌊 Senoidal,General Pull (horizontal + vertical),PULL,SUP PULL
27,7,OAP,65,⚡ Shockwave,General Pull (horizontal + vertical),PULL,SUP PULL
28,7,OAP,70,⚡ Shockwave,Pull Vertical,PULL VERTICAL,SUP PULL
29,8,OAP,85,⚡ Shockwave,Pull Vertical (BA),PULL VERTICAL,SUP PULL
30,8,OAP,95,⚡ Shockwave,OAP específico,OAP,SUP PULL
31,8,OAP,95,⚡ Shockwave,OAP específico,OAP,SUP PULL
32,8,OAP,70,⚡ Shockwave,Pull Vertical,PULL VERTICAL,SUP PULL
33,9,OAP,75,⚡ Shockwave,Pull Vertical,PULL VERTICAL,SUP PULL
34,9,OAP,85,⚡ Shockwave,Pull Vertical (BA),PULL VERTICAL,SUP PULL
35,9,OAP,95,⚡ Shockwave,OAP específico,OAP,SUP PULL
36,9,OAP,70,⚡ Shockwave,Pull Vertical,PULL VERTICAL,SUP PULL
37,10,OAP,75,⚡ Shockwave,Pull Vertical,PULL VERTICAL,SUP PULL
38,10,OAP,85,⚡ Shockwave,Pull Vertical (BA),PULL VERTICAL,SUP PULL
39,10,OAP,95,⚡ Shockwave,OAP específico,OAP,SUP PULL
40,10,OAP,70,📐 Triangular,Pull Vertical,PULL VERTICAL,SUP PULL
41,11,OAP,75,📐 Triangular,Pull Vertical,PULL VERTICAL,SUP PULL
42,11,OAP,85,📐 Triangular,Pull Vertical (BA),PULL VERTICAL,SUP PULL
43,11,OAP,95,📐 Triangular,OAP específico,OAP,SUP PULL
44,11,OAP,80,📐 Triangular,Pull Vertical (BA),PULL VERTICAL,SUP PULL
45,12,OAP,65,📐 Triangular,General Pull (horizontal + vertical),PULL,SUP PULL
46,12,OAP,70,📐 Triangular,Pull Vertical,PULL VERTICAL,SUP PULL
47,12,OAP,75,📐 Triangular,Pull Vertical,PULL VERTICAL,SUP PULL
48,12,OAP,80,📐 Triangular,Pull Vertical (BA),PULL VERTICAL,SUP PULL
49,13,OAP,65,📐 Triangular,General Pull (horizontal + vertical),PULL,SUP PULL
50,13,OAP,70,📐 Triangular,Pull Vertical,PULL VERTICAL,SUP PULL
51,13,OAP,75,📐 Triangular,Pull Vertical,PULL VERTICAL,SUP PULL
52,13,OAP,80,📐 Triangular,Pull Vertical (BA),PULL VERTICAL,SUP PULL
1,1,MN/RP,65,📐 Triangular,General Pull (horizontal + vertical),PULL,SUP PULL
2,1,MN/RP,70,📐 Triangular,Pull Horizontal,PULL HORIZONTAL,SUP PULL
3,1,MN/RP,75,📐 Triangular,Pull Horizontal (SA),PULL HORIZONTAL,SUP PULL
4,1,MN/RP,80,📐 Triangular,Pull Horizontal (SA),PULL HORIZONTAL,SUP PULL
5,2,MN/RP,65,📐 Triangular,General Pull (horizontal + vertical),PULL,SUP PULL
6,2,MN/RP,70,📐 Triangular,Pull Horizontal,PULL HORIZONTAL,SUP PULL
7,2,MN/RP,75,📐 Triangular,Pull Horizontal (SA),PULL HORIZONTAL,SUP PULL
8,2,MN/RP,80,📐 Triangular,Pull Horizontal (SA),PULL HORIZONTAL,SUP PULL
9,3,MN/RP,60,📐 Triangular,General Pull (horizontal + vertical),PULL,SUP PULL
10,3,MN/RP,75,📐 Triangular,Pull Horizontal (SA),PULL HORIZONTAL,SUP PULL
11,3,MN/RP,65,📐 Triangular,General Pull (horizontal + vertical),PULL,SUP PULL
12,3,MN/RP,80,📐 Triangular,Pull Horizontal (SA),PULL HORIZONTAL,SUP PULL
13,4,MN/RP,60,📐 Triangular,General Pull (horizontal + vertical),PULL,SUP PULL
14,4,MN/RP,75,🌊 Senoidal,Pull Horizontal (SA),PULL HORIZONTAL,SUP PULL
15,4,MN/RP,65,🌊 Senoidal,General Pull (horizontal + vertical),PULL,SUP PULL
16,4,MN/RP,80,🌊 Senoidal,Pull Horizontal (SA),PULL HORIZONTAL,SUP PULL
17,5,MN/RP,60,🌊 Senoidal,General Pull (horizontal + vertical),PULL,SUP PULL
18,5,MN/RP,75,🌊 Senoidal,Pull Horizontal (SA),PULL HORIZONTAL,SUP PULL
19,5,MN/RP,65,🌊 Senoidal,General Pull (horizontal + vertical),PULL,SUP PULL
20,5,MN/RP,80,🌊 Senoidal,Pull Horizontal (SA),PULL HORIZONTAL,SUP PULL
21,6,MN/RP,55,🌊 Senoidal,General Pull (horizontal + vertical),PULL,SUP PULL
22,6,MN/RP,60,🌊 Senoidal,General Pull (horizontal + vertical),PULL,SUP PULL
23,6,MN/RP,65,🌊 Senoidal,General Pull (horizontal + vertical),PULL,SUP PULL
24,6,MN/RP,60,🌊 Senoidal,General Pull (horizontal + vertical),PULL,SUP PULL
25,7,MN/RP,55,🌊 Senoidal,General Pull (horizontal + vertical),PULL,SUP PULL
26,7,MN/RP,60,🌊 Senoidal,General Pull (horizontal + vertical),PULL,SUP PULL
27,7,MN/RP,65,⚡ Shockwave,General Pull (horizontal + vertical),PULL,SUP PULL
28,7,MN/RP,70,⚡ Shockwave,Pull Horizontal,PULL HORIZONTAL,SUP PULL
29,8,MN/RP,85,⚡ Shockwave,MN/RP específico,MN/RP,SUP PULL
30,8,MN/RP,95,⚡ Shockwave,MN/RP específico,MN/RP,SUP PULL
31,8,MN/RP,95,⚡ Shockwave,MN/RP específico,MN/RP,SUP PULL
32,8,MN/RP,70,⚡ Shockwave,Pull Horizontal,PULL HORIZONTAL,SUP PULL
33,9,MN/RP,75,⚡ Shockwave,Pull Horizontal (SA),PULL HORIZONTAL,SUP PULL
34,9,MN/RP,85,⚡ Shockwave,MN/RP específico,MN/RP,SUP PULL
35,9,MN/RP,95,⚡ Shockwave,MN/RP específico,MN/RP,SUP PULL
36,9,MN/RP,70,⚡ Shockwave,Pull Horizontal,PULL HORIZONTAL,SUP PULL
37,10,MN/RP,75,⚡ Shockwave,Pull Horizontal (SA),PULL HORIZONTAL,SUP PULL
38,10,MN/RP,85,⚡ Shockwave,MN/RP específico,MN/RP,SUP PULL
39,10,MN/RP,95,⚡ Shockwave,MN/RP específico,MN/RP,SUP PULL
40,10,MN/RP,70,🔄 Fractal,Pull Horizontal,PULL HORIZONTAL,SUP PULL
41,11,MN/RP,75,🔄 Fractal,Pull Horizontal (SA),PULL HORIZONTAL,SUP PULL
42,11,MN/RP,85,🔄 Fractal,MN/RP específico,MN/RP,SUP PULL
43,11,MN/RP,95,🔄 Fractal,MN/RP específico,MN/RP,SUP PULL
44,11,MN/RP,80,🔄 Fractal,Pull Horizontal (SA),PULL HORIZONTAL,SUP PULL
45,12,MN/RP,65,🔄 Fractal,General Pull (horizontal + vertical),PULL,SUP PULL
46,12,MN/RP,70,🔄 Fractal,Pull Horizontal,PULL HORIZONTAL,SUP PULL
47,12,MN/RP,75,🔄 Fractal,Pull Horizontal (SA),PULL HORIZONTAL,SUP PULL
48,12,MN/RP,80,🔄 Fractal,Pull Horizontal (SA),PULL HORIZONTAL,SUP PULL
49,13,MN/RP,65,🔄 Fractal,General Pull (horizontal + vertical),PULL,SUP PULL
50,13,MN/RP,70,🔄 Fractal,Pull Horizontal,PULL HORIZONTAL,SUP PULL
51,13,MN/RP,75,🔄 Fractal,Pull Horizontal (SA),PULL HORIZONTAL,SUP PULL
52,13,MN/RP,80,🔄 Fractal,Pull Horizontal (SA),PULL HORIZONTAL,SUP PULL
1,1,MU,65,🌊 Senoidal,General Pull (horizontal + vertical),PULL,SUP PULL
2,1,MU,70,🌊 Senoidal,Pull Horizontal,PULL HORIZONTAL,SUP PULL
3,1,MU,75,🌊 Senoidal,Pull Horizontal,PULL HORIZONTAL,SUP PULL
4,1,MU,80,🌊 Senoidal,Pull Horizontal (BA),PULL HORIZONTAL,SUP PULL
5,2,MU,65,🌊 Senoidal,General Pull (horizontal + vertical),PULL,SUP PULL
6,2,MU,70,🌊 Senoidal,Pull Horizontal,PULL HORIZONTAL,SUP PULL
7,2,MU,75,🌊 Senoidal,Pull Horizontal,PULL HORIZONTAL,SUP PULL
8,2,MU,80,🌊 Senoidal,Pull Horizontal (BA),PULL HORIZONTAL,SUP PULL
9,3,MU,65,🌊 Senoidal,General Pull (horizontal + vertical),PULL,SUP PULL
10,3,MU,70,🌊 Senoidal,Pull Horizontal,PULL HORIZONTAL,SUP PULL
11,3,MU,75,🌊 Senoidal,Pull Horizontal,PULL HORIZONTAL,SUP PULL
12,3,MU,80,🌊 Senoidal,Pull Horizontal (BA),PULL HORIZONTAL,SUP PULL
13,4,MU,60,🌊 Senoidal,General Pull (horizontal + vertical),PULL,SUP PULL
14,4,MU,75,⚡ Shockwave,Pull Horizontal,PULL HORIZONTAL,SUP PULL
15,4,MU,65,⚡ Shockwave,General Pull (horizontal + vertical),PULL,SUP PULL
16,4,MU,80,⚡ Shockwave,Pull Horizontal (BA),PULL HORIZONTAL,SUP PULL
17,5,MU,60,⚡ Shockwave,General Pull (horizontal + vertical),PULL,SUP PULL
18,5,MU,75,⚡ Shockwave,Pull Horizontal,PULL HORIZONTAL,SUP PULL
19,5,MU,65,⚡ Shockwave,General Pull (horizontal + vertical),PULL,SUP PULL
20,5,MU,80,⚡ Shockwave,Pull Horizontal (BA),PULL HORIZONTAL,SUP PULL
21,6,MU,60,⚡ Shockwave,General Pull (horizontal + vertical),PULL,SUP PULL
22,6,MU,75,⚡ Shockwave,Pull Horizontal,PULL HORIZONTAL,SUP PULL
23,6,MU,65,⚡ Shockwave,General Pull (horizontal + vertical),PULL,SUP PULL
24,6,MU,80,⚡ Shockwave,Pull Horizontal (BA),PULL HORIZONTAL,SUP PULL
25,7,MU,55,⚡ Shockwave,General Pull (horizontal + vertical),PULL,SUP PULL
26,7,MU,60,⚡ Shockwave,General Pull (horizontal + vertical),PULL,SUP PULL
27,7,MU,65,📐 Triangular,General Pull (horizontal + vertical),PULL,SUP PULL
28,7,MU,70,📐 Triangular,Pull Horizontal,PULL HORIZONTAL,SUP PULL
29,8,MU,85,📐 Triangular,Pull Horizontal (BA),PULL HORIZONTAL,SUP PULL
30,8,MU,95,📐 Triangular,BL,BL,SUP PULL
31,8,MU,95,📐 Triangular,BL,BL,SUP PULL
32,8,MU,70,📐 Triangular,Pull Horizontal,PULL HORIZONTAL,SUP PULL
33,9,MU,75,📐 Triangular,Pull Horizontal,PULL HORIZONTAL,SUP PULL
34,9,MU,85,📐 Triangular,Pull Horizontal (BA),PULL HORIZONTAL,SUP PULL
35,9,MU,95,📐 Triangular,BL,BL,SUP PULL
36,9,MU,70,📐 Triangular,Pull Horizontal,PULL HORIZONTAL,SUP PULL
37,10,MU,75,📐 Triangular,Pull Horizontal,PULL HORIZONTAL,SUP PULL
38,10,MU,85,📐 Triangular,Pull Horizontal (BA),PULL HORIZONTAL,SUP PULL
39,10,MU,95,📐 Triangular,BL,BL,SUP PULL
40,10,MU,70,🔄 Fractal,Pull Horizontal,PULL HORIZONTAL,SUP PULL
41,11,MU,75,🔄 Fractal,Pull Horizontal,PULL HORIZONTAL,SUP PULL
42,11,MU,85,🔄 Fractal,Pull Horizontal (BA),PULL HORIZONTAL,SUP PULL
43,11,MU,95,🔄 Fractal,BL,BL,SUP PULL
44,11,MU,80,🔄 Fractal,Pull Horizontal (BA),PULL HORIZONTAL,SUP PULL
45,12,MU,65,🔄 Fractal,General Pull (horizontal + vertical),PULL,SUP PULL
46,12,MU,70,🔄 Fractal,Pull Horizontal,PULL HORIZONTAL,SUP PULL
47,12,MU,75,🔄 Fractal,Pull Horizontal,PULL HORIZONTAL,SUP PULL
48,12,MU,80,🔄 Fractal,Pull Horizontal (BA),PULL HORIZONTAL,SUP PULL
49,13,MU,65,🔄 Fractal,General Pull (horizontal + vertical),PULL,SUP PULL
50,13,MU,70,🔄 Fractal,Pull Horizontal,PULL HORIZONTAL,SUP PULL
51,13,MU,75,🔄 Fractal,Pull Horizontal,PULL HORIZONTAL,SUP PULL
52,13,MU,80,🔄 Fractal,Pull Horizontal (BA),PULL HORIZONTAL,SUP PULL
1,1,PS,55,🌊 Senoidal,General Lower (Hip + Knee),LOWER,INF RODILLA
2,1,PS,60,🌊 Senoidal,General Lower (Hip + Knee),LOWER,INF RODILLA
3,1,PS,65,🌊 Senoidal,Knee Dominant,INF RODILLA,INF RODILLA
4,1,PS,60,🌊 Senoidal,General Lower (Hip + Knee),LOWER,INF RODILLA
5,2,PS,55,🌊 Senoidal,General Lower (Hip + Knee),LOWER,INF RODILLA
6,2,PS,60,🌊 Senoidal,General Lower (Hip + Knee),LOWER,INF RODILLA
7,2,PS,65,🌊 Senoidal,Knee Dominant,INF RODILLA,INF RODILLA
8,2,PS,60,🌊 Senoidal,General Lower (Hip + Knee),LOWER,INF RODILLA
9,3,PS,55,🌊 Senoidal,General Lower (Hip + Knee),LOWER,INF RODILLA
10,3,PS,60,🌊 Senoidal,General Lower (Hip + Knee),LOWER,INF RODILLA
11,3,PS,65,🌊 Senoidal,Knee Dominant,INF RODILLA,INF RODILLA
12,3,PS,60,🌊 Senoidal,General Lower (Hip + Knee),LOWER,INF RODILLA
13,4,PS,55,🌊 Senoidal,General Lower (Hip + Knee),LOWER,INF RODILLA
14,4,PS,85,⚡ Shockwave,Pistol Squat,PS,INF RODILLA
15,4,PS,95,⚡ Shockwave,Pistol Squat,PS,INF RODILLA
16,4,PS,70,⚡ Shockwave,Knee Dominant,INF RODILLA,INF RODILLA
17,5,PS,75,⚡ Shockwave,Knee Dominant (Quad + Glute),INF RODILLA,INF RODILLA
18,5,PS,85,⚡ Shockwave,Pistol Squat,PS,INF RODILLA
19,5,PS,95,⚡ Shockwave,Pistol Squat,PS,INF RODILLA
20,5,PS,70,⚡ Shockwave,Knee Dominant,INF RODILLA,INF RODILLA
21,6,PS,75,⚡ Shockwave,Knee Dominant (Quad + Glute),INF RODILLA,INF RODILLA
22,6,PS,85,⚡ Shockwave,Pistol Squat,PS,INF RODILLA
23,6,PS,95,⚡ Shockwave,Pistol Squat,PS,INF RODILLA
24,6,PS,70,⚡ Shockwave,Knee Dominant,INF RODILLA,INF RODILLA
25,7,PS,75,⚡ Shockwave,Knee Dominant (Quad + Glute),INF RODILLA,INF RODILLA
26,7,PS,85,⚡ Shockwave,Pistol Squat,PS,INF RODILLA
27,7,PS,75,📐 Triangular,Knee Dominant (Quad + Glute),INF RODILLA,INF RODILLA
28,7,PS,80,📐 Triangular,Knee Dominant (Quad + Glute),INF RODILLA,INF RODILLA
29,8,PS,65,📐 Triangular,Knee Dominant,INF RODILLA,INF RODILLA
30,8,PS,70,📐 Triangular,Knee Dominant,INF RODILLA,INF RODILLA
31,8,PS,75,📐 Triangular,Knee Dominant (Quad + Glute),INF RODILLA,INF RODILLA
32,8,PS,80,📐 Triangular,Knee Dominant (Quad + Glute),INF RODILLA,INF RODILLA
33,9,PS,65,📐 Triangular,Knee Dominant,INF RODILLA,INF RODILLA
34,9,PS,70,📐 Triangular,Knee Dominant,INF RODILLA,INF RODILLA
35,9,PS,75,📐 Triangular,Knee Dominant (Quad + Glute),INF RODILLA,INF RODILLA
36,9,PS,80,📐 Triangular,Knee Dominant (Quad + Glute),INF RODILLA,INF RODILLA
37,10,PS,65,📐 Triangular,Knee Dominant,INF RODILLA,INF RODILLA
38,10,PS,70,📐 Triangular,Knee Dominant,INF RODILLA,INF RODILLA
39,10,PS,75,📐 Triangular,Knee Dominant (Quad + Glute),INF RODILLA,INF RODILLA
40,10,PS,80,🔄 Fractal,Knee Dominant (Quad + Glute),INF RODILLA,INF RODILLA
41,11,PS,60,🔄 Fractal,General Lower (Hip + Knee),LOWER,INF RODILLA
42,11,PS,75,🔄 Fractal,Knee Dominant (Quad + Glute),INF RODILLA,INF RODILLA
43,11,PS,65,🔄 Fractal,Knee Dominant,INF RODILLA,INF RODILLA
44,11,PS,80,🔄 Fractal,Knee Dominant (Quad + Glute),INF RODILLA,INF RODILLA
45,12,PS,60,🔄 Fractal,General Lower (Hip + Knee),LOWER,INF RODILLA
46,12,PS,75,🔄 Fractal,Knee Dominant (Quad + Glute),INF RODILLA,INF RODILLA
47,12,PS,65,🔄 Fractal,Knee Dominant,INF RODILLA,INF RODILLA
48,12,PS,80,🔄 Fractal,Knee Dominant (Quad + Glute),INF RODILLA,INF RODILLA
49,13,PS,60,🔄 Fractal,General Lower (Hip + Knee),LOWER,INF RODILLA
50,13,PS,75,🔄 Fractal,Knee Dominant (Quad + Glute),INF RODILLA,INF RODILLA
51,13,PS,65,🔄 Fractal,Knee Dominant,INF RODILLA,INF RODILLA
52,13,PS,80,🔄 Fractal,Knee Dominant (Quad + Glute),INF RODILLA,INF RODILLA
1,1,SU,55,🌊 Senoidal,General Lower (Hip + Knee),LOWER,INF RODILLA
2,1,SU,60,🌊 Senoidal,General Lower (Hip + Knee),LOWER,INF RODILLA
3,1,SU,65,🌊 Senoidal,Knee Dominant,INF RODILLA,INF RODILLA
4,1,SU,60,🌊 Senoidal,General Lower (Hip + Knee),LOWER,INF RODILLA
5,2,SU,55,🌊 Senoidal,General Lower (Hip + Knee),LOWER,INF RODILLA
6,2,SU,60,🌊 Senoidal,General Lower (Hip + Knee),LOWER,INF RODILLA
7,2,SU,65,🌊 Senoidal,Knee Dominant,INF RODILLA,INF RODILLA
8,2,SU,60,🌊 Senoidal,General Lower (Hip + Knee),LOWER,INF RODILLA
9,3,SU,55,🌊 Senoidal,General Lower (Hip + Knee),LOWER,INF RODILLA
10,3,SU,85,⚡ Shockwave,Sentadilla,SU,INF RODILLA
11,3,SU,95,⚡ Shockwave,Sentadilla,SU,INF RODILLA
12,3,SU,70,⚡ Shockwave,Knee Dominant,INF RODILLA,INF RODILLA
13,4,SU,75,⚡ Shockwave,Knee Dominant (Quad + Glute),INF RODILLA,INF RODILLA
14,4,SU,85,⚡ Shockwave,Sentadilla,SU,INF RODILLA
15,4,SU,95,⚡ Shockwave,Sentadilla,SU,INF RODILLA
16,4,SU,70,⚡ Shockwave,Knee Dominant,INF RODILLA,INF RODILLA
17,5,SU,75,⚡ Shockwave,Knee Dominant (Quad + Glute),INF RODILLA,INF RODILLA
18,5,SU,85,⚡ Shockwave,Sentadilla,SU,INF RODILLA
19,5,SU,95,⚡ Shockwave,Sentadilla,SU,INF RODILLA
20,5,SU,70,⚡ Shockwave,Knee Dominant,INF RODILLA,INF RODILLA
21,6,SU,75,⚡ Shockwave,Knee Dominant (Quad + Glute),INF RODILLA,INF RODILLA
22,6,SU,85,⚡ Shockwave,Sentadilla,SU,INF RODILLA
23,6,SU,75,📐 Triangular,Knee Dominant (Quad + Glute),INF RODILLA,INF RODILLA
24,6,SU,80,📐 Triangular,Knee Dominant (Quad + Glute),INF RODILLA,INF RODILLA
25,7,SU,65,📐 Triangular,Knee Dominant,INF RODILLA,INF RODILLA
26,7,SU,70,📐 Triangular,Knee Dominant,INF RODILLA,INF RODILLA
27,7,SU,75,📐 Triangular,Knee Dominant (Quad + Glute),INF RODILLA,INF RODILLA
28,7,SU,80,📐 Triangular,Knee Dominant (Quad + Glute),INF RODILLA,INF RODILLA
29,8,SU,65,📐 Triangular,Knee Dominant,INF RODILLA,INF RODILLA
30,8,SU,70,📐 Triangular,Knee Dominant,INF RODILLA,INF RODILLA
31,8,SU,75,📐 Triangular,Knee Dominant (Quad + Glute),INF RODILLA,INF RODILLA
32,8,SU,80,📐 Triangular,Knee Dominant (Quad + Glute),INF RODILLA,INF RODILLA
33,9,SU,65,📐 Triangular,Knee Dominant,INF RODILLA,INF RODILLA
34,9,SU,70,📐 Triangular,Knee Dominant,INF RODILLA,INF RODILLA
35,9,SU,75,📐 Triangular,Knee Dominant (Quad + Glute),INF RODILLA,INF RODILLA
36,9,SU,80,🔄 Fractal,Knee Dominant (Quad + Glute),INF RODILLA,INF RODILLA
37,10,SU,60,🔄 Fractal,General Lower (Hip + Knee),LOWER,INF RODILLA
38,10,SU,75,🔄 Fractal,Knee Dominant (Quad + Glute),INF RODILLA,INF RODILLA
39,10,SU,65,🔄 Fractal,Knee Dominant,INF RODILLA,INF RODILLA
40,10,SU,80,🔄 Fractal,Knee Dominant (Quad + Glute),INF RODILLA,INF RODILLA
41,11,SU,60,🔄 Fractal,General Lower (Hip + Knee),LOWER,INF RODILLA
42,11,SU,75,🔄 Fractal,Knee Dominant (Quad + Glute),INF RODILLA,INF RODILLA
43,11,SU,65,🔄 Fractal,Knee Dominant,INF RODILLA,INF RODILLA
44,11,SU,80,🔄 Fractal,Knee Dominant (Quad + Glute),INF RODILLA,INF RODILLA
45,12,SU,55,🔄 Fractal,General Lower (Hip + Knee),LOWER,INF RODILLA
46,12,SU,60,🔄 Fractal,General Lower (Hip + Knee),LOWER,INF RODILLA
47,12,SU,65,🔄 Fractal,Knee Dominant,INF RODILLA,INF RODILLA
48,12,SU,60,🔄 Fractal,General Lower (Hip + Knee),LOWER,INF RODILLA
49,13,SU,55,🌊 Senoidal,General Lower (Hip + Knee),LOWER,INF RODILLA
50,13,SU,60,🌊 Senoidal,General Lower (Hip + Knee),LOWER,INF RODILLA
51,13,SU,65,🌊 Senoidal,Knee Dominant,INF RODILLA,INF RODILLA
52,13,SU,60,🌊 Senoidal,General Lower (Hip + Knee),LOWER,INF RODILLA
1,1,L,55,🌊 Senoidal,General Lower (Hip + Knee),LOWER,INF RODILLA
2,1,L,60,🌊 Senoidal,General Lower (Hip + Knee),LOWER,INF RODILLA
3,1,L,65,🌊 Senoidal,Knee Dominant,INF RODILLA,INF RODILLA
4,1,L,60,🌊 Senoidal,General Lower (Hip + Knee),LOWER,INF RODILLA
5,2,L,55,🌊 Senoidal,General Lower (Hip + Knee),LOWER,INF RODILLA
6,2,L,85,⚡ Shockwave,Pistol Squat,PS,INF RODILLA
7,2,L,95,⚡ Shockwave,Pistol Squat,PS,INF RODILLA
8,2,L,70,⚡ Shockwave,Knee Dominant,INF RODILLA,INF RODILLA
9,3,L,75,⚡ Shockwave,Knee Dominant (Quad + Glute),INF RODILLA ,INF RODILLA
10,3,L,85,⚡ Shockwave,Pistol Squat,PS,INF RODILLA
11,3,L,95,⚡ Shockwave,Pistol Squat,PS,INF RODILLA
12,3,L,70,⚡ Shockwave,Knee Dominant,INF RODILLA,INF RODILLA
13,4,L,75,⚡ Shockwave,Knee Dominant (Quad + Glute),INF RODILLA ,INF RODILLA
14,4,L,85,⚡ Shockwave,Pistol Squat,PS,INF RODILLA
15,4,L,95,⚡ Shockwave,Pistol Squat,PS,INF RODILLA
16,4,L,70,⚡ Shockwave,Knee Dominant,INF RODILLA,INF RODILLA
17,5,L,65,⚡ Shockwave,Knee Dominant,INF RODILLA,INF RODILLA
18,5,L,70,⚡ Shockwave,Knee Dominant,INF RODILLA,INF RODILLA
19,5,L,75,📐 Triangular,Knee Dominant (Quad + Glute),INF RODILLA ,INF RODILLA
20,5,L,80,📐 Triangular,Knee Dominant (Quad + Glute),INF RODILLA ,INF RODILLA
21,6,L,65,📐 Triangular,Knee Dominant,INF RODILLA,INF RODILLA
22,6,L,70,📐 Triangular,Knee Dominant,INF RODILLA,INF RODILLA
23,6,L,75,📐 Triangular,Knee Dominant (Quad + Glute),INF RODILLA ,INF RODILLA
24,6,L,80,📐 Triangular,Knee Dominant (Quad + Glute),INF RODILLA ,INF RODILLA
25,7,L,65,📐 Triangular,Knee Dominant,INF RODILLA,INF RODILLA
26,7,L,70,📐 Triangular,Knee Dominant,INF RODILLA,INF RODILLA
27,7,L,75,📐 Triangular,Knee Dominant (Quad + Glute),INF RODILLA ,INF RODILLA
28,7,L,80,📐 Triangular,Knee Dominant (Quad + Glute),INF RODILLA ,INF RODILLA
29,8,L,65,📐 Triangular,Knee Dominant,INF RODILLA,INF RODILLA
30,8,L,70,📐 Triangular,Knee Dominant,INF RODILLA,INF RODILLA
31,8,L,75,📐 Triangular,Knee Dominant (Quad + Glute),INF RODILLA ,INF RODILLA
32,8,L,80,🔄 Fractal,Knee Dominant (Quad + Glute),INF RODILLA ,INF RODILLA
33,9,L,60,🔄 Fractal,General Lower (Hip + Knee),LOWER,INF RODILLA
34,9,L,75,🔄 Fractal,Knee Dominant (Quad + Glute),INF RODILLA ,INF RODILLA
35,9,L,65,🔄 Fractal,Knee Dominant,INF RODILLA,INF RODILLA
36,9,L,80,🔄 Fractal,Knee Dominant (Quad + Glute),INF RODILLA ,INF RODILLA
37,10,L,60,🔄 Fractal,General Lower (Hip + Knee),LOWER,INF RODILLA
38,10,L,75,🔄 Fractal,Knee Dominant (Quad + Glute),INF RODILLA ,INF RODILLA
39,10,L,65,🔄 Fractal,Knee Dominant,INF RODILLA,INF RODILLA
40,10,L,80,🔄 Fractal,Knee Dominant (Quad + Glute),INF RODILLA ,INF RODILLA
41,11,L,55,🔄 Fractal,General Lower (Hip + Knee),LOWER,INF RODILLA
42,11,L,60,🔄 Fractal,General Lower (Hip + Knee),LOWER,INF RODILLA
43,11,L,65,🔄 Fractal,Knee Dominant,INF RODILLA,INF RODILLA
44,11,L,60,🔄 Fractal,General Lower (Hip + Knee),LOWER,INF RODILLA
45,12,L,55,🌊 Senoidal,General Lower (Hip + Knee),LOWER,INF RODILLA
46,12,L,60,🌊 Senoidal,General Lower (Hip + Knee),LOWER,INF RODILLA
47,12,L,65,🌊 Senoidal,Knee Dominant,INF RODILLA,INF RODILLA
48,12,L,60,🌊 Senoidal,General Lower (Hip + Knee),LOWER,INF RODILLA
49,13,L,55,🌊 Senoidal,General Lower (Hip + Knee),LOWER,INF RODILLA
50,13,L,60,🌊 Senoidal,General Lower (Hip + Knee),LOWER,INF RODILLA
51,13,L,65,🌊 Senoidal,Knee Dominant,INF RODILLA,INF RODILLA
52,13,L,60,🌊 Senoidal,General Lower (Hip + Knee),LOWER,INF RODILLA
1,1,DS,55,🌊 Senoidal,General Lower (Hip + Knee),LOWER,INF CADERA
2,1,DS,85,⚡ Shockwave,Hip Dominant (Glute + Quad),INF CADERA,INF CADERA
3,1,DS,95,⚡ Shockwave,DS,DS,INF CADERA
4,1,DS,70,⚡ Shockwave,Hip Dominant,INF CADERA,INF CADERA
5,2,DS,75,⚡ Shockwave,Hip Dominant,INF CADERA,INF CADERA
6,2,DS,85,⚡ Shockwave,Hip Dominant (Glute + Quad),INF CADERA,INF CADERA
7,2,DS,95,⚡ Shockwave,DS,DS,INF CADERA
8,2,DS,70,⚡ Shockwave,Hip Dominant,INF CADERA,INF CADERA
9,3,DS,75,⚡ Shockwave,Hip Dominant,INF CADERA,INF CADERA
10,3,DS,85,⚡ Shockwave,Hip Dominant (Glute + Quad),INF CADERA,INF CADERA
11,3,DS,95,⚡ Shockwave,DS,DS,INF CADERA
12,3,DS,70,⚡ Shockwave,Hip Dominant,INF CADERA,INF CADERA
13,4,DS,75,⚡ Shockwave,Hip Dominant,INF CADERA,INF CADERA
14,4,DS,85,⚡ Shockwave,Hip Dominant (Glute + Quad),INF CADERA,INF CADERA
15,4,DS,75,📐 Triangular,Hip Dominant,INF CADERA,INF CADERA
16,4,DS,80,📐 Triangular,Hip Dominant (Glute + Quad),INF CADERA,INF CADERA
17,5,DS,60,📐 Triangular,General Lower (Hip + Knee),LOWER,INF CADERA
18,5,DS,75,📐 Triangular,Hip Dominant,INF CADERA,INF CADERA
19,5,DS,65,📐 Triangular,General Lower (Hip + Knee),LOWER,INF CADERA
20,5,DS,80,📐 Triangular,Hip Dominant (Glute + Quad),INF CADERA,INF CADERA
21,6,DS,55,📐 Triangular,General Lower (Hip + Knee),LOWER,INF CADERA
22,6,DS,70,📐 Triangular,Hip Dominant,INF CADERA,INF CADERA
23,6,DS,75,📐 Triangular,Hip Dominant,INF CADERA,INF CADERA
24,6,DS,80,📐 Triangular,Hip Dominant (Glute + Quad),INF CADERA,INF CADERA
25,7,DS,65,📐 Triangular,General Lower (Hip + Knee),LOWER,INF CADERA
26,7,DS,70,📐 Triangular,Hip Dominant,INF CADERA,INF CADERA
27,7,DS,60,📐 Triangular,General Lower (Hip + Knee),LOWER,INF CADERA
28,7,DS,75,🔄 Fractal,Hip Dominant,INF CADERA,INF CADERA
29,8,DS,60,🔄 Fractal,General Lower (Hip + Knee),LOWER,INF CADERA
30,8,DS,75,🔄 Fractal,Hip Dominant,INF CADERA,INF CADERA
31,8,DS,65,🔄 Fractal,General Lower (Hip + Knee),LOWER,INF CADERA
32,8,DS,80,🔄 Fractal,Hip Dominant (Glute + Quad),INF CADERA,INF CADERA
33,9,DS,60,🔄 Fractal,General Lower (Hip + Knee),LOWER,INF CADERA
34,9,DS,75,🔄 Fractal,Hip Dominant,INF CADERA,INF CADERA
35,9,DS,65,🔄 Fractal,General Lower (Hip + Knee),LOWER,INF CADERA
36,9,DS,80,🔄 Fractal,Hip Dominant (Glute + Quad),INF CADERA,INF CADERA
37,10,DS,55,🔄 Fractal,General Lower (Hip + Knee),LOWER,INF CADERA
38,10,DS,60,🔄 Fractal,General Lower (Hip + Knee),LOWER,INF CADERA
39,10,DS,65,🔄 Fractal,General Lower (Hip + Knee),LOWER,INF CADERA
40,10,DS,80,🔄 Fractal,Hip Dominant (Glute + Quad),INF CADERA,INF CADERA
41,11,DS,55,🌊 Senoidal,General Lower (Hip + Knee),LOWER,INF CADERA
42,11,DS,60,🌊 Senoidal,General Lower (Hip + Knee),LOWER,INF CADERA
43,11,DS,65,🌊 Senoidal,General Lower (Hip + Knee),LOWER,INF CADERA
44,11,DS,60,🌊 Senoidal,General Lower (Hip + Knee),LOWER,INF CADERA
45,12,DS,55,🌊 Senoidal,General Lower (Hip + Knee),LOWER,INF CADERA
46,12,DS,60,🌊 Senoidal,General Lower (Hip + Knee),LOWER,INF CADERA
47,12,DS,65,🌊 Senoidal,General Lower (Hip + Knee),LOWER,INF CADERA
48,12,DS,60,🌊 Senoidal,General Lower (Hip + Knee),LOWER,INF CADERA
49,13,DS,55,🌊 Senoidal,General Lower (Hip + Knee),LOWER,INF CADERA
50,13,DS,60,🌊 Senoidal,General Lower (Hip + Knee),LOWER,INF CADERA
51,13,DS,65,🌊 Senoidal,General Lower (Hip + Knee),LOWER,INF CADERA
52,13,DS,60,🌊 Senoidal,General Lower (Hip + Knee),LOWER,INF CADERA
1,1,HR,75,⚡ Shockwave,Hip Dominant,INF CADERA,INF CADERA
2,1,HR,85,⚡ Shockwave,Hip Dominant (Glute + Isquio),INF CADERA,INF CADERA
3,1,HR,95,⚡ Shockwave,Ham Raises,HR,INF CADERA
4,1,HR,70,⚡ Shockwave,Hip Dominant,INF CADERA,INF CADERA
5,2,HR,75,⚡ Shockwave,Hip Dominant,INF CADERA,INF CADERA
6,2,HR,85,⚡ Shockwave,Hip Dominant (Glute + Isquio),INF CADERA,INF CADERA
7,2,HR,75,⚡ Shockwave,Hip Dominant,INF CADERA,INF CADERA
8,2,HR,70,⚡ Shockwave,Hip Dominant,INF CADERA,INF CADERA
9,3,HR,75,⚡ Shockwave,Hip Dominant,INF CADERA,INF CADERA
10,3,HR,85,⚡ Shockwave,Hip Dominant (Glute + Isquio),INF CADERA,INF CADERA
11,3,HR,75,📐 Triangular,Hip Dominant,INF CADERA,INF CADERA
12,3,HR,80,📐 Triangular,Hip Dominant (Glute + Isquio),INF CADERA,INF CADERA
13,4,HR,65,📐 Triangular,General Lower (Hip + Knee),LOWER,INF CADERA
14,4,HR,70,📐 Triangular,Hip Dominant,INF CADERA,INF CADERA
15,4,HR,75,📐 Triangular,Hip Dominant,INF CADERA,INF CADERA
16,4,HR,80,📐 Triangular,Hip Dominant (Glute + Isquio),INF CADERA,INF CADERA
17,5,HR,65,📐 Triangular,General Lower (Hip + Knee),LOWER,INF CADERA
18,5,HR,70,📐 Triangular,Hip Dominant,INF CADERA,INF CADERA
19,5,HR,75,📐 Triangular,Hip Dominant,INF CADERA,INF CADERA
20,5,HR,80,📐 Triangular,Hip Dominant (Glute + Isquio),INF CADERA,INF CADERA
21,6,HR,65,📐 Triangular,General Lower (Hip + Knee),LOWER,INF CADERA
22,6,HR,70,📐 Triangular,Hip Dominant,INF CADERA,INF CADERA
23,6,HR,75,📐 Triangular,Hip Dominant,INF CADERA,INF CADERA
24,6,HR,80,📐 Triangular,Hip Dominant (Glute + Isquio),INF CADERA,INF CADERA
25,7,HR,60,📐 Triangular,General Lower (Hip + Knee),LOWER,INF CADERA
26,7,HR,75,🔄 Fractal,Hip Dominant,INF CADERA,INF CADERA
27,7,HR,65,🔄 Fractal,General Lower (Hip + Knee),LOWER,INF CADERA
28,7,HR,80,🔄 Fractal,Hip Dominant (Glute + Isquio),INF CADERA,INF CADERA
29,8,HR,60,🔄 Fractal,General Lower (Hip + Knee),LOWER,INF CADERA
30,8,HR,75,🔄 Fractal,Hip Dominant,INF CADERA,INF CADERA
31,8,HR,65,🔄 Fractal,General Lower (Hip + Knee),LOWER,INF CADERA
32,8,HR,80,🔄 Fractal,Hip Dominant (Glute + Isquio),INF CADERA,INF CADERA
33,9,HR,55,🔄 Fractal,General Lower (Hip + Knee),LOWER,INF CADERA
34,9,HR,60,🔄 Fractal,General Lower (Hip + Knee),LOWER,INF CADERA
35,9,HR,65,🔄 Fractal,General Lower (Hip + Knee),LOWER,INF CADERA
36,9,HR,60,🔄 Fractal,General Lower (Hip + Knee),LOWER,INF CADERA
37,10,HR,55,🔄 Fractal,General Lower (Hip + Knee),LOWER,INF CADERA
38,10,HR,60,🔄 Fractal,General Lower (Hip + Knee),LOWER,INF CADERA
39,10,HR,65,🌊 Senoidal,General Lower (Hip + Knee),LOWER,INF CADERA
40,10,HR,60,🌊 Senoidal,General Lower (Hip + Knee),LOWER,INF CADERA
41,11,HR,55,🌊 Senoidal,General Lower (Hip + Knee),LOWER,INF CADERA
42,11,HR,60,🌊 Senoidal,General Lower (Hip + Knee),LOWER,INF CADERA
43,11,HR,65,🌊 Senoidal,General Lower (Hip + Knee),LOWER,INF CADERA
44,11,HR,60,🌊 Senoidal,General Lower (Hip + Knee),LOWER,INF CADERA
45,12,HR,55,🌊 Senoidal,General Lower (Hip + Knee),LOWER,INF CADERA
46,12,HR,60,🌊 Senoidal,General Lower (Hip + Knee),LOWER,INF CADERA
47,12,HR,65,🌊 Senoidal,General Lower (Hip + Knee),LOWER,INF CADERA
48,12,HR,60,🌊 Senoidal,General Lower (Hip + Knee),LOWER,INF CADERA
49,13,HR,55,⚡ Shockwave,General Lower (Hip + Knee),LOWER,INF CADERA
50,13,HR,85,⚡ Shockwave,Hip Dominant (Glute + Isquio),INF CADERA,INF CADERA
51,13,HR,95,⚡ Shockwave,Ham Raises,HR,INF CADERA
52,13,HR,70,⚡ Shockwave,Hip Dominant,INF CADERA,INF CADERA
1,1,NC,75,⚡ Shockwave,Hip Dominant,INF CADERA,INF CADERA
2,1,NC,85,⚡ Shockwave,Hip Dominant (Glute + Isquio),INF CADERA,INF CADERA
3,1,NC,95,⚡ Shockwave,Nordic Curl,NC,INF CADERA
4,1,NC,70,⚡ Shockwave,Hip Dominant,INF CADERA,INF CADERA
5,2,NC,75,⚡ Shockwave,Hip Dominant,INF CADERA,INF CADERA
6,2,NC,85,⚡ Shockwave,Hip Dominant (Glute + Isquio),INF CADERA,INF CADERA
7,2,NC,75,⚡ Shockwave,Hip Dominant,INF CADERA,INF CADERA
8,2,NC,80,📐 Triangular,Hip Dominant (Glute + Isquio),INF CADERA,INF CADERA
9,3,NC,65,📐 Triangular,General Lower (Hip + Knee),LOWER,INF CADERA
10,3,NC,70,📐 Triangular,Hip Dominant,INF CADERA,INF CADERA
11,3,NC,75,📐 Triangular,Hip Dominant,INF CADERA,INF CADERA
12,3,NC,80,📐 Triangular,Hip Dominant (Glute + Isquio),INF CADERA,INF CADERA
13,4,NC,65,📐 Triangular,General Lower (Hip + Knee),LOWER,INF CADERA
14,4,NC,70,📐 Triangular,Hip Dominant,INF CADERA,INF CADERA
15,4,NC,75,📐 Triangular,Hip Dominant,INF CADERA,INF CADERA
16,4,NC,80,📐 Triangular,Hip Dominant (Glute + Isquio),INF CADERA,INF CADERA
17,5,NC,65,📐 Triangular,General Lower (Hip + Knee),LOWER,INF CADERA
18,5,NC,70,📐 Triangular,Hip Dominant,INF CADERA,INF CADERA
19,5,NC,75,📐 Triangular,Hip Dominant,INF CADERA,INF CADERA
20,5,NC,80,📐 Triangular,Hip Dominant (Glute + Isquio),INF CADERA,INF CADERA
21,6,NC,60,🔄 Fractal,General Lower (Hip + Knee),LOWER,INF CADERA
22,6,NC,75,🔄 Fractal,Hip Dominant,INF CADERA,INF CADERA
23,6,NC,65,🔄 Fractal,General Lower (Hip + Knee),LOWER,INF CADERA
24,6,NC,80,🔄 Fractal,Hip Dominant (Glute + Isquio),INF CADERA,INF CADERA
25,7,NC,60,🔄 Fractal,General Lower (Hip + Knee),LOWER,INF CADERA
26,7,NC,65,🔄 Fractal,General Lower (Hip + Knee),LOWER,INF CADERA
27,7,NC,60,🔄 Fractal,General Lower (Hip + Knee),LOWER,INF CADERA
28,7,NC,75,🔄 Fractal,Hip Dominant,INF CADERA,INF CADERA
29,8,NC,60,🔄 Fractal,General Lower (Hip + Knee),LOWER,INF CADERA
30,8,NC,75,🔄 Fractal,Hip Dominant,INF CADERA,INF CADERA
31,8,NC,65,🔄 Fractal,General Lower (Hip + Knee),LOWER,INF CADERA
32,8,NC,80,🔄 Fractal,Hip Dominant (Glute + Isquio),INF CADERA,INF CADERA
33,9,NC,55,🔄 Fractal,General Lower (Hip + Knee),LOWER,INF CADERA
34,9,NC,60,🌊 Senoidal,General Lower (Hip + Knee),LOWER,INF CADERA
35,9,NC,65,🌊 Senoidal,General Lower (Hip + Knee),LOWER,INF CADERA
36,9,NC,60,🌊 Senoidal,General Lower (Hip + Knee),LOWER,INF CADERA
37,10,NC,55,🌊 Senoidal,General Lower (Hip + Knee),LOWER,INF CADERA
38,10,NC,60,🌊 Senoidal,General Lower (Hip + Knee),LOWER,INF CADERA
39,10,NC,65,🌊 Senoidal,General Lower (Hip + Knee),LOWER,INF CADERA
40,10,NC,60,🌊 Senoidal,General Lower (Hip + Knee),LOWER,INF CADERA
41,11,NC,55,🌊 Senoidal,General Lower (Hip + Knee),LOWER,INF CADERA
42,11,NC,85,🌊 Senoidal,Hip Dominant (Glute + Isquio),INF CADERA,INF CADERA
43,11,NC,95,🌊 Senoidal,Nordic Curl,NC,INF CADERA
44,11,NC,70,🌊 Senoidal,Hip Dominant,INF CADERA,INF CADERA
45,12,NC,55,🌊 Senoidal,General Lower (Hip + Knee),LOWER,INF CADERA
46,12,NC,85,🌊 Senoidal,Hip Dominant (Glute + Isquio),INF CADERA,INF CADERA
47,12,NC,95,⚡ Shockwave,Nordic Curl,NC,INF CADERA
48,12,NC,70,⚡ Shockwave,Hip Dominant,INF CADERA,INF CADERA
49,13,NC,75,⚡ Shockwave,Hip Dominant,INF CADERA,INF CADERA
50,13,NC,85,⚡ Shockwave,Hip Dominant (Glute + Isquio),INF CADERA,INF CADERA
51,13,NC,95,⚡ Shockwave,Nordic Curl,NC,INF CADERA
52,13,NC,70,⚡ Shockwave,Hip Dominant,INF CADERA,INF CADERA
1,1,QC,75,⚡ Shockwave,Knee Dominant,INF RODILLA,INF RODILLA
2,1,QC,85,🔄 Fractal,Knee Dominant (Quad + Glute),INF RODILLA ,INF RODILLA
3,1,QC,75,🔄 Fractal,Knee Dominant,INF RODILLA,INF RODILLA
4,1,QC,80,🔄 Fractal,Knee Dominant (Quad + Glute),INF RODILLA ,INF RODILLA
5,2,QC,65,🔄 Fractal,General Lower (Hip + Knee),LOWER,INF RODILLA
6,2,QC,70,📐 Triangular,Knee Dominant,INF RODILLA,INF RODILLA
7,2,QC,75,📐 Triangular,Knee Dominant,INF RODILLA,INF RODILLA
8,2,QC,80,📐 Triangular,Knee Dominant (Quad + Glute),INF RODILLA ,INF RODILLA
9,3,QC,65,📐 Triangular,General Lower (Hip + Knee),LOWER,INF RODILLA
10,3,QC,70,📐 Triangular,Knee Dominant,INF RODILLA,INF RODILLA
11,3,QC,75,📐 Triangular,Knee Dominant,INF RODILLA,INF RODILLA
12,3,QC,80,📐 Triangular,Knee Dominant (Quad + Glute),INF RODILLA ,INF RODILLA
13,4,QC,65,📐 Triangular,General Lower (Hip + Knee),LOWER,INF RODILLA
14,4,QC,70,📐 Triangular,Knee Dominant,INF RODILLA,INF RODILLA
15,4,QC,75,📐 Triangular,Knee Dominant,INF RODILLA,INF RODILLA
16,4,QC,80,📐 Triangular,Knee Dominant (Quad + Glute),INF RODILLA ,INF RODILLA
17,5,QC,60,📐 Triangular,General Lower (Hip + Knee),LOWER,INF RODILLA
18,5,QC,75,🔄 Fractal,Knee Dominant,INF RODILLA,INF RODILLA
19,5,QC,65,🔄 Fractal,General Lower (Hip + Knee),LOWER,INF RODILLA
20,5,QC,80,🔄 Fractal,Knee Dominant (Quad + Glute),INF RODILLA ,INF RODILLA
21,6,QC,60,🔄 Fractal,General Lower (Hip + Knee),LOWER,INF RODILLA
22,6,QC,65,🔄 Fractal,General Lower (Hip + Knee),LOWER,INF RODILLA
23,6,QC,60,🔄 Fractal,General Lower (Hip + Knee),LOWER,INF RODILLA
24,6,QC,80,🔄 Fractal,Knee Dominant (Quad + Glute),INF RODILLA ,INF RODILLA
25,7,QC,55,🔄 Fractal,General Lower (Hip + Knee),LOWER,INF RODILLA
26,7,QC,60,🔄 Fractal,General Lower (Hip + Knee),LOWER,INF RODILLA
27,7,QC,65,🌊 Senoidal,General Lower (Hip + Knee),LOWER,INF RODILLA
28,7,QC,60,🌊 Senoidal,General Lower (Hip + Knee),LOWER,INF RODILLA
29,8,QC,55,🌊 Senoidal,General Lower (Hip + Knee),LOWER,INF RODILLA
30,8,QC,60,🌊 Senoidal,General Lower (Hip + Knee),LOWER,INF RODILLA
31,8,QC,65,🌊 Senoidal,General Lower (Hip + Knee),LOWER,INF RODILLA
32,8,QC,60,🌊 Senoidal,General Lower (Hip + Knee),LOWER,INF RODILLA
33,9,QC,55,🌊 Senoidal,General Lower (Hip + Knee),LOWER,INF RODILLA
34,9,QC,60,🌊 Senoidal,General Lower (Hip + Knee),LOWER,INF RODILLA
35,9,QC,65,🌊 Senoidal,General Lower (Hip + Knee),LOWER,INF RODILLA
36,9,QC,60,🌊 Senoidal,General Lower (Hip + Knee),LOWER,INF RODILLA
37,10,QC,55,🌊 Senoidal,General Lower (Hip + Knee),LOWER,INF RODILLA
38,10,QC,85,🌊 Senoidal,Knee Dominant (Quad + Glute),INF RODILLA ,INF RODILLA
39,10,QC,95,🌊 Senoidal,Quad Curl ,Quad Curl ,INF RODILLA
40,10,QC,70,⚡ Shockwave,Knee Dominant,INF RODILLA,INF RODILLA
41,11,QC,55,⚡ Shockwave,General Lower (Hip + Knee),LOWER,INF RODILLA
42,11,QC,85,⚡ Shockwave,Knee Dominant (Quad + Glute),INF RODILLA ,INF RODILLA
43,11,QC,95,⚡ Shockwave,Quad Curl ,Quad Curl ,INF RODILLA
44,11,QC,75,⚡ Shockwave,Knee Dominant,INF RODILLA,INF RODILLA
45,12,QC,60,⚡ Shockwave,General Lower (Hip + Knee),LOWER,INF RODILLA
46,12,QC,85,⚡ Shockwave,Knee Dominant (Quad + Glute),INF RODILLA ,INF RODILLA
47,12,QC,95,⚡ Shockwave,Quad Curl ,Quad Curl ,INF RODILLA
48,12,QC,70,⚡ Shockwave,Knee Dominant,INF RODILLA,INF RODILLA
49,13,QC,75,⚡ Shockwave,Knee Dominant,INF RODILLA,INF RODILLA
50,13,QC,95,⚡ Shockwave,Quad Curl ,Quad Curl ,INF RODILLA
51,13,QC,95,⚡ Shockwave,Quad Curl ,Quad Curl ,INF RODILLA
52,13,QC,70,⚡ Shockwave,Knee Dominant,INF RODILLA,INF RODILLA
1,1,SS,65,📐 Triangular,General Lower (Hip + Knee),LOWER,INF RODILLA
2,1,SS,70,📐 Triangular,Knee Dominant,INF RODILLA,INF RODILLA
3,1,SS,75,📐 Triangular,Knee Dominant,INF RODILLA,INF RODILLA
4,1,SS,80,📐 Triangular,Knee Dominant (Quad + Glute),INF RODILLA ,INF RODILLA
5,2,SS,65,📐 Triangular,General Lower (Hip + Knee),LOWER,INF RODILLA
6,2,SS,70,📐 Triangular,Knee Dominant,INF RODILLA,INF RODILLA
7,2,SS,75,📐 Triangular,Knee Dominant,INF RODILLA,INF RODILLA
8,2,SS,80,📐 Triangular,Knee Dominant (Quad + Glute),INF RODILLA ,INF RODILLA
9,3,SS,65,📐 Triangular,General Lower (Hip + Knee),LOWER,INF RODILLA
10,3,SS,70,📐 Triangular,Knee Dominant,INF RODILLA,INF RODILLA
11,3,SS,75,📐 Triangular,Knee Dominant,INF RODILLA,INF RODILLA
12,3,SS,80,📐 Triangular,Knee Dominant (Quad + Glute),INF RODILLA ,INF RODILLA
13,4,SS,60,📐 Triangular,General Lower (Hip + Knee),LOWER,INF RODILLA
14,4,SS,75,🔄 Fractal,Knee Dominant,INF RODILLA,INF RODILLA
15,4,SS,65,🔄 Fractal,General Lower (Hip + Knee),LOWER,INF RODILLA
16,4,SS,80,🔄 Fractal,Knee Dominant (Quad + Glute),INF RODILLA ,INF RODILLA
17,5,SS,60,🔄 Fractal,General Lower (Hip + Knee),LOWER,INF RODILLA
18,5,SS,75,🔄 Fractal,Knee Dominant,INF RODILLA,INF RODILLA
19,5,SS,65,🔄 Fractal,General Lower (Hip + Knee),LOWER,INF RODILLA
20,5,SS,80,🔄 Fractal,Knee Dominant (Quad + Glute),INF RODILLA ,INF RODILLA
21,6,SS,55,🔄 Fractal,General Lower (Hip + Knee),LOWER,INF RODILLA
22,6,SS,60,🔄 Fractal,General Lower (Hip + Knee),LOWER,INF RODILLA
23,6,SS,65,🔄 Fractal,General Lower (Hip + Knee),LOWER,INF RODILLA
24,6,SS,80,🔄 Fractal,Knee Dominant (Quad + Glute),INF RODILLA ,INF RODILLA
25,7,SS,55,🔄 Fractal,General Lower (Hip + Knee),LOWER,INF RODILLA
26,7,SS,60,🔄 Fractal,General Lower (Hip + Knee),LOWER,INF RODILLA
27,7,SS,65,🌊 Senoidal,General Lower (Hip + Knee),LOWER,INF RODILLA
28,7,SS,60,🌊 Senoidal,General Lower (Hip + Knee),LOWER,INF RODILLA
29,8,SS,55,🌊 Senoidal,General Lower (Hip + Knee),LOWER,INF RODILLA
30,8,SS,60,🌊 Senoidal,General Lower (Hip + Knee),LOWER,INF RODILLA
31,8,SS,65,🌊 Senoidal,General Lower (Hip + Knee),LOWER,INF RODILLA
32,8,SS,60,🌊 Senoidal,General Lower (Hip + Knee),LOWER,INF RODILLA
33,9,SS,55,⚡ Shockwave,General Lower (Hip + Knee),LOWER,INF RODILLA
34,9,SS,85,⚡ Shockwave,Knee Dominant (Quad + Glute),INF RODILLA ,INF RODILLA
35,9,SS,95,⚡ Shockwave,Sissy Squat,SS,INF RODILLA
36,9,SS,70,⚡ Shockwave,Knee Dominant,INF RODILLA,INF RODILLA
37,10,SS,55,⚡ Shockwave,General Lower (Hip + Knee),LOWER,INF RODILLA
38,10,SS,85,⚡ Shockwave,Knee Dominant (Quad + Glute),INF RODILLA ,INF RODILLA
39,10,SS,95,⚡ Shockwave,Sissy Squat,SS,INF RODILLA
40,10,SS,75,⚡ Shockwave,Knee Dominant,INF RODILLA,INF RODILLA
41,11,SS,60,⚡ Shockwave,General Lower (Hip + Knee),LOWER,INF RODILLA
42,11,SS,85,⚡ Shockwave,Knee Dominant (Quad + Glute),INF RODILLA ,INF RODILLA
43,11,SS,95,⚡ Shockwave,Sissy Squat,SS,INF RODILLA
44,11,SS,70,⚡ Shockwave,Knee Dominant,INF RODILLA,INF RODILLA
45,12,SS,75,⚡ Shockwave,Knee Dominant,INF RODILLA,INF RODILLA
46,12,SS,95,🌊 Senoidal,Sissy Squat,SS,INF RODILLA
47,12,SS,75,🌊 Senoidal,Knee Dominant,INF RODILLA,INF RODILLA
48,12,SS,80,🌊 Senoidal,Knee Dominant (Quad + Glute),INF RODILLA ,INF RODILLA
49,13,SS,75,🌊 Senoidal,Knee Dominant,INF RODILLA,INF RODILLA
50,13,SS,85,🌊 Senoidal,Knee Dominant (Quad + Glute),INF RODILLA ,INF RODILLA
51,13,SS,75,🌊 Senoidal,Knee Dominant,INF RODILLA,INF RODILLA
52,13,SS,80,🌊 Senoidal,Knee Dominant (Quad + Glute),INF RODILLA ,INF RODILLA
1,1,HT,65,📐 Triangular,General Lower (Hip + Knee),LOWER,INF CADERA
2,1,HT,70,📐 Triangular,Hip Dominant,INF CADERA,INF CADERA
3,1,HT,75,📐 Triangular,Hip Dominant,INF CADERA,INF CADERA
4,1,HT,80,📐 Triangular,Hip Dominant (Glute + Isquio),INF CADERA,INF CADERA
5,2,HT,65,📐 Triangular,General Lower (Hip + Knee),LOWER,INF CADERA
6,2,HT,70,📐 Triangular,Hip Dominant,INF CADERA,INF CADERA
7,2,HT,75,🔄 Fractal,Hip Dominant,INF CADERA,INF CADERA
8,2,HT,80,🔄 Fractal,Hip Dominant (Glute + Isquio),INF CADERA,INF CADERA
9,3,HT,60,🔄 Fractal,General Lower (Hip + Knee),LOWER,INF CADERA
10,3,HT,75,🔄 Fractal,Hip Dominant,INF CADERA,INF CADERA
11,3,HT,65,🔄 Fractal,General Lower (Hip + Knee),LOWER,INF CADERA
12,3,HT,80,🔄 Fractal,Hip Dominant (Glute + Isquio),INF CADERA,INF CADERA
13,4,HT,60,🔄 Fractal,General Lower (Hip + Knee),LOWER,INF CADERA
14,4,HT,75,🔄 Fractal,Hip Dominant,INF CADERA,INF CADERA
15,4,HT,65,🔄 Fractal,General Lower (Hip + Knee),LOWER,INF CADERA
16,4,HT,80,🔄 Fractal,Hip Dominant (Glute + Isquio),INF CADERA,INF CADERA
17,5,HT,55,🔄 Fractal,General Lower (Hip + Knee),LOWER,INF CADERA
18,5,HT,60,🔄 Fractal,General Lower (Hip + Knee),LOWER,INF CADERA
19,5,HT,65,🔄 Fractal,General Lower (Hip + Knee),LOWER,INF CADERA
20,5,HT,70,⚡ Shockwave,Hip Dominant,INF CADERA,INF CADERA
21,6,HT,55,⚡ Shockwave,General Lower (Hip + Knee),LOWER,INF CADERA
22,6,HT,60,⚡ Shockwave,General Lower (Hip + Knee),LOWER,INF CADERA
23,6,HT,65,⚡ Shockwave,General Lower (Hip + Knee),LOWER,INF CADERA
24,6,HT,60,⚡ Shockwave,General Lower (Hip + Knee),LOWER,INF CADERA
25,7,HT,55,⚡ Shockwave,General Lower (Hip + Knee),LOWER,INF CADERA
26,7,HT,60,⚡ Shockwave,General Lower (Hip + Knee),LOWER,INF CADERA
27,7,HT,55,⚡ Shockwave,General Lower (Hip + Knee),LOWER,INF CADERA
28,7,HT,60,⚡ Shockwave,General Lower (Hip + Knee),LOWER,INF CADERA
29,8,HT,55,⚡ Shockwave,General Lower (Hip + Knee),LOWER,INF CADERA
30,8,HT,60,⚡ Shockwave,General Lower (Hip + Knee),LOWER,INF CADERA
31,8,HT,65,⚡ Shockwave,General Lower (Hip + Knee),LOWER,INF CADERA
32,8,HT,60,⚡ Shockwave,General Lower (Hip + Knee),LOWER,INF CADERA
33,9,HT,55,🌊 Senoidal,General Lower (Hip + Knee),LOWER,INF CADERA
34,9,HT,60,🌊 Senoidal,General Lower (Hip + Knee),LOWER,INF CADERA
35,9,HT,65,🌊 Senoidal,General Lower (Hip + Knee),LOWER,INF CADERA
36,9,HT,70,🌊 Senoidal,Hip Dominant,INF CADERA,INF CADERA
37,10,HT,75,🌊 Senoidal,Hip Dominant,INF CADERA,INF CADERA
38,10,HT,85,🌊 Senoidal,Hip Dominant (Glute + Isquio),INF CADERA,INF CADERA
39,10,HT,95,🌊 Senoidal,Hip Thrust,HT,INF CADERA
40,10,HT,70,🌊 Senoidal,Hip Dominant,INF CADERA,INF CADERA
41,11,HT,75,🌊 Senoidal,Hip Dominant,INF CADERA,INF CADERA
42,11,HT,85,🌊 Senoidal,Hip Dominant (Glute + Isquio),INF CADERA,INF CADERA
43,11,HT,95,🌊 Senoidal,Hip Thrust,HT,INF CADERA
44,11,HT,70,🌊 Senoidal,Hip Dominant,INF CADERA,INF CADERA
45,12,HT,75,🌊 Senoidal,Hip Dominant,INF CADERA,INF CADERA
46,12,HT,85,📐 Triangular,Hip Dominant (Glute + Isquio),INF CADERA,INF CADERA
47,12,HT,95,📐 Triangular,Hip Thrust,HT,INF CADERA
48,12,HT,80,📐 Triangular,Hip Dominant (Glute + Isquio),INF CADERA,INF CADERA
49,13,HT,65,📐 Triangular,General Lower (Hip + Knee),LOWER,INF CADERA
50,13,HT,70,📐 Triangular,Hip Dominant,INF CADERA,INF CADERA
51,13,HT,75,📐 Triangular,Hip Dominant,INF CADERA,INF CADERA
52,13,HT,80,📐 Triangular,Hip Dominant (Glute + Isquio),INF CADERA,INF CADERA